customer_id,customer_name,email,reg_date,card_number,date_of_birth,gender
5518,Abra,Denise@bibendum.edu,2017-02-05,069-289-4592,1952-05-12,F
3347,Abra Dotson,Penelope@taciti.org,2017-04-09,659-894-5363,1956-03-26,F
3660,Abra Schwartz,Orson@feugiat.com,2019-01-16,703-569-1850,1996-03-02,F
8141,Adara,Emily@non.net,2018-10-02,524-204-1696,1990-02-25,F
5441,Adara,Jaime@egestas.edu,2018-07-23,504-533-2969,1985-04-02,F
5086,Adara,Chaney@accumsan.org,2018-07-14,036-348-1997,1984-09-07,F
3722,Addison Greer,Austin@In.com,2017-07-02,419-368-2674,1961-06-18,F
5030,Adele,Hayley@a.org,2017-08-08,995-598-2164,1963-09-14,F
8494,Adena,Deirdre@magna.us,2018-10-04,616-982-4040,1998-08-23,F
5216,Adena,Yoko@nonummy.com,2018-02-05,819-266-0332,1974-11-26,F
3339,Adena Bradford,Price@venenatis.us,2017-03-23,564-240-9076,1955-03-19,F
5077,Adria,Karen@placerat.edu,2018-02-25,262-828-2176,1990-11-27,F
3610,Adria Joyner,Summer@Cum.org,2018-10-04,838-101-4531,1989-10-15,F
3510,Adria Shannon,Otto@Praesent.edu,2018-03-12,414-485-8378,1977-01-11,F
5075,Adrian,Leslie@viverra.com,2017-05-17,519-675-5830,1983-09-10,F
5694,Aiko,Wyatt@Curabitur.org,2017-09-21,628-359-0731,1986-11-27,F
5925,Aiko,Sierra@sociis.us,2017-05-03,741-685-9253,1957-10-01,F
3336,Aileen Zamora,Declan@dui.com,2017-03-17,182-923-6770,1954-10-30,F
5934,Ainsley,Xena@lacus.net,2019-02-08,588-222-5397,1997-08-01,F
3607,Ainsley Beard,Leilani@aliquet.com,2018-09-28,740-146-8683,1989-05-28,F
8276,Akeem,Martina@volutpat.com,2017-03-02,308-521-2047,1995-07-03,F
8347,Alana,Martin@mus.com,2017-10-26,336-314-9456,1955-10-20,F
5510,Alea,Alden@inceptos.edu,2017-03-21,778-048-3644,1955-01-21,F
3447,Alexa Aguirre,Veronica@molestie.edu,2017-11-01,511-115-1387,1968-12-28,F
3476,Alexa Hancock,May@Fusce.org,2017-12-31,230-596-2784,1972-09-09,F
5650,Alexandra,Baxter@mollis.com,2017-04-07,606-835-3361,1982-08-30,F
8116,Alexis,Jorden@Etiam.net,2017-09-14,100-730-7965,1967-06-30,F
3519,Alexis Valentine,Jolene@dapibus.org,2018-03-30,523-165-2341,1978-03-06,F
8457,Alfreda,Kamal@sociis.net,2017-08-25,845-524-9605,1956-01-06,F
5393,Alfreda,Noelle@porttitor.gov,2017-08-17,953-785-4722,1964-04-09,F
5479,Alfreda,Tyler@Donec.com,2017-02-06,324-567-7492,1981-02-23,F
8471,Alfreda,Iona@mauris.org,2017-05-27,873-029-6364,1993-07-13,F
3535,Alfreda Whitfield,Sybil@litora.com,2018-05-02,280-517-4213,1980-03-21,F
8251,Alika,James@amet.net,2017-10-06,042-267-6015,1976-02-18,F
3606,Alika Henson,Evangeline@metus.com,2018-09-26,345-038-7791,1989-04-11,F
3301,Alika Rivas,Yoshi@aliquam.us,2017-01-04,021-443-0682,1950-05-13,F
8097,Aline,Unity@urna.com,2019-03-04,930-938-8301,1976-08-11,F
5470,Aline,Aidan@Lorem.com,2017-10-25,280-989-7369,1968-07-10,F
5822,Aline,Herrod@adipiscing.gov,2017-09-04,239-949-3407,1986-06-25,F
5464,Alisa,Camille@vel.net,2018-06-12,422-925-9381,1993-08-19,F
5327,Alisa,Hillary@Fusce.edu,2019-01-23,019-961-8396,1996-08-04,F
3608,Alisa Briggs,Mason@Sed.edu,2018-09-30,233-278-9925,1989-07-13,F
5557,Allegra,Olga@nisl.us,2018-06-22,533-475-7635,1993-11-16,F
8306,Alma,Sylvia@enim.net,2017-03-11,063-304-9091,1998-09-18,F
5072,Althea,Colin@In.com,2017-03-02,265-479-9112,1981-10-02,F
5909,Althea,Talon@Proin.us,2019-02-12,586-479-4673,1997-11-13,F
5016,Althea,Callum@lacus.net,2018-11-17,208-709-0123,1997-08-19,F
5449,Alyssa,Ori@placerat.us,2019-01-02,894-331-4804,1995-04-26,F
8340,Amal,Joy@aliquet.com,2017-05-05,071-202-2952,2000-04-23,F
5300,Amanda,Ella@tempor.gov,2017-01-16,960-011-9461,1980-08-07,F
8129,Amanda,Venus@consequat.net,2018-02-20,982-576-2704,1952-11-30,F
3601,Amanda Workman,Branden@fringilla.com,2018-09-16,141-707-8775,1988-08-21,F
3544,Amaya Osborne,Xavier@dolor.edu,2018-05-21,036-201-4795,1981-05-14,F
8299,Amber,Isabelle@eros.edu,2018-10-03,390-925-4024,1976-03-16,F
5354,Amber,Tiger@Mauris.com,2018-11-03,237-996-2902,1991-08-19,F
5284,Amber,Rebecca@Nunc.gov,2017-10-29,337-225-6048,1968-10-21,F
3669,Amber Cooper,Jana@rhoncus.com,2019-02-03,584-081-1026,1997-04-25,F
3403,Amela Watts,Belle@nibh.net,2017-08-02,682-557-1438,1963-05-18,F
3331,Amelia Alvarado,Timon@nec.us,2017-03-07,056-404-4359,1954-03-11,F
3628,Amena Graham,Rogan@nec.net,2018-11-11,965-030-2866,1992-01-31,F
3575,Amena Terrell,Chaney@Nunc.org,2018-07-24,071-486-7997,1985-04-28,F
5820,Amery,Tucker@vel.us,2018-03-06,264-402-5569,1991-02-23,F
5704,Amethyst,Peter@netus.edu,2019-04-06,969-209-7421,2001-02-16,F
8268,Amethyst,Illiana@dapibus.gov,2018-09-28,733-233-5132,1979-10-27,F
8041,Amethyst,Tyrone@viverra.com,2019-02-03,502-414-3804,1962-11-10,F
5111,Amir,Craig@Donec.net,2018-04-02,574-775-6882,1991-10-25,F
8099,Amity,Gannon@sem.net,2018-03-21,146-428-0486,1959-02-12,F
5161,Amity,Ashely@scelerisque.gov,2017-04-04,477-514-8584,1982-08-08,F
3487,Amy Combs,Ian@natoque.com,2018-01-23,559-264-8194,1974-02-04,F
5818,Anastasia,Genevieve@Integer.gov,2018-02-14,241-299-2428,1975-06-21,F
8245,Angela,Garrett@Lorem.com,2018-01-24,513-396-2357,1997-02-05,F
5374,Angela,Dorothy@nostra.gov,2017-04-13,300-315-1026,1956-06-22,F
3408,Angela Drake,Silas@vulputate.com,2017-08-13,328-277-7321,1964-01-06,F
3645,Angela Hartman,Fuller@pulvinar.edu,2018-12-16,485-104-0753,1994-04-03,F
3329,Angela Strickland,Alma@id.edu,2017-03-02,978-857-3312,1953-12-08,F
5429,Angelica,Colorado@quam.us,2017-09-16,397-968-9319,1966-02-11,F
3687,Angelica Maynard,Ciaran@nibh.net,2019-03-13,891-053-3654,1999-08-12,F
5339,Anika,Rebekah@pellentesque.org,2017-09-18,299-701-2190,1986-11-05,F
5585,Anika,Sean@Ut.us,2018-08-06,706-150-2025,1995-01-10,F
8074,Anjolie,Hayes@natoque.net,2018-12-04,457-614-4681,1989-11-06,F
3391,Anjolie Vargas,Keith@gravida.us,2017-07-09,338-278-3067,1961-11-05,F
8214,Ann,Levi@habitant.us,2017-09-20,180-733-6572,1956-04-04,F
8170,Anne,Calvin@nunc.org,2018-02-18,035-084-9112,1950-05-26,F
8498,April,Daniel@placerat.us,2019-01-20,705-545-5246,2000-12-07,F
5270,Arden,Nora@viverra.org,2018-04-28,154-001-9588,1992-06-24,F
5698,Ariana,Chandler@sociosqu.edu,2018-06-02,592-812-2198,1982-02-18,F
8098,Ariana,Maite@ullamcorper.gov,2017-12-08,881-422-4522,1968-09-07,F
5219,Ariana,Reed@vel.edu,2017-07-07,981-591-3131,1961-09-20,F
3383,Ariana Howell,Asher@hendrerit.edu,2017-06-22,183-212-8969,1960-10-28,F
3736,Arsenio Garrison,Brittany@natoque.gov,2017-10-26,507-808-1051,1968-08-10,F
5912,Aspen,Cassidy@bibendum.us,2019-02-01,516-476-8787,1997-02-27,F
5944,Aspen,Laurel@nisi.net,2018-10-25,120-785-0025,1991-01-24,F
5125,Astra,Declan@suscipit.us,2018-05-24,511-266-7056,1993-02-23,F
5423,Astra,Lucian@fames.edu,2018-01-04,056-827-0237,1972-12-01,F
3369,Astra Duffy,Abigail@egestas.com,2017-05-24,534-616-4329,1959-01-15,F
3629,Astra Hicks,Rachel@erat.gov,2018-11-13,279-251-9582,1992-03-18,F
5684,Audra,Hayley@Curae.us,2017-12-21,209-176-1540,1972-01-25,F
5123,Audrey,Carissa@taciti.org,2019-04-02,329-140-9841,2000-11-04,F
5452,Audrey,Carter@Class.net,2017-10-13,819-323-9968,1967-10-25,F
3374,Audrey Farley,Graham@fringilla.edu,2017-06-03,462-004-9564,1959-09-05,F
5621,Aurelia,Hayden@odio.com,2018-09-05,447-330-1404,1987-12-11,F
3691,Aurelia Bernard,Byron@pharetra.edu,2019-03-21,053-717-7223,2000-02-14,F
5737,Aurora,Carter@in.net,2018-07-18,895-861-1930,1984-12-19,F
3648,Ava Michael,Cole@vulputate.edu,2018-12-22,832-931-2351,1994-08-20,F
3700,Ava Mullins,Kyle@In.org,2019-04-09,337-201-6353,2001-04-09,F
5587,Avye,Neil@nibh.edu,2018-04-16,287-557-9662,1992-03-06,F
5662,Avye,Jaquelyn@litora.gov,2018-09-18,390-879-2063,1988-10-17,F
3344,Avye Koch,Tad@faucibus.us,2017-04-02,977-525-6648,1955-11-07,F
8346,Ayanna,Robin@aliquam.net,2017-06-04,748-064-1414,1976-07-05,F
5888,Ayanna,Hyatt@tristique.us,2018-09-25,869-538-7038,1996-04-19,F
5535,Ayanna,Kibo@Class.net,2017-01-24,337-709-3731,1951-08-27,F
3561,Ayanna Boyle,Willow@adipiscing.us,2018-06-25,969-743-9079,1983-07-15,F
5741,Azalia,Jane@sapien.gov,2019-02-17,679-616-5661,1999-12-31,F
5942,Azalia,Joseph@congue.gov,2017-05-15,588-601-3844,1983-08-19,F
5180,Baker,Lewis@ad.edu,2018-11-19,337-985-2704,1997-09-10,F
5832,Barbara,Guy@vulputate.com,2018-05-24,253-271-8265,1981-07-25,F
5680,Barbara,Grady@ante.org,2018-11-17,156-405-5087,1992-06-24,F
3345,Barbara Knowles,Magee@aliquam.org,2017-04-05,524-174-8629,1955-12-24,F
5700,Basia,Brendan@nascetur.net,2017-09-27,490-700-6959,1966-10-28,F
5854,Beatrice,Theodore@posuere.org,2018-11-09,121-375-1303,1997-06-14,F
5701,Beatrice,Shaeleigh@nonummy.edu,2018-08-23,310-797-8728,1995-06-14,F
3661,Beatrice Gutierrez,Lisandra@Curae.us,2019-01-18,748-493-9350,1996-04-17,F
3630,Bell Witt,Anastasia@feugiat.edu,2018-11-15,609-346-6777,1992-05-04,F
5241,Belle,Rafael@Nam.edu,2017-01-27,309-327-0814,1951-10-18,F
5118,Belle,Tanisha@orci.gov,2019-03-17,613-992-3485,1999-11-08,F
3563,Belle Farmer,Velma@massa.net,2018-06-29,365-267-6335,1983-10-16,F
3562,Belle Oneal,Cooper@consectetuer.org,2018-06-27,846-733-6647,1983-08-31,F
3304,Belle Reyes,Sierra@sodales.net,2017-01-10,930-000-5889,1950-09-30,F
3663,Bertha Kramer,Kylan@Etiam.net,2019-01-22,004-928-9777,1996-07-19,F
3516,Bertha Williamson,Tucker@eleifend.net,2018-03-24,882-828-2223,1977-10-17,F
5782,Bethany,Janna@dapibus.gov,2017-02-14,193-231-4969,1952-12-05,F
8147,Bianca,Xanthus@erat.us,2018-04-17,778-697-9279,1995-05-20,F
5517,Bianca,Francesca@lacus.org,2018-07-23,194-000-6143,1994-08-30,F
8160,Blossom,Tamekah@tincidunt.gov,2018-06-18,573-204-4474,1999-07-25,F
3342,Blossom Alford,Boris@molestie.org,2017-03-29,440-720-9943,1955-08-06,F
5663,Bo,Justina@erat.org,2018-01-08,049-154-3879,1989-09-10,F
5275,Bo,Francesca@consequat.net,2018-09-16,484-025-4659,1988-08-26,F
8055,Bo,Wade@viverra.org,2018-04-21,274-922-3781,1985-06-14,F
3343,Bo Vincent,Aurora@tempor.edu,2017-03-31,155-843-8482,1955-09-21,F
5081,Brady,Courtney@magnis.net,2018-05-15,414-204-4561,1992-11-26,F
5290,Bree,Patience@nostra.com,2017-03-16,254-001-5440,1982-02-12,F
5468,Bree,Nora@facilisis.com,2019-03-26,643-454-5914,2000-06-02,F
5387,Brenda,Jaquelyn@sit.us,2018-06-23,515-040-6905,1983-05-30,F
5344,Brenda,Tana@Quisque.edu,2017-04-03,373-389-1076,1955-11-28,F
5407,Brenna,Kareem@ante.org,2018-06-16,243-042-0850,1982-12-25,F
5750,Brenna,Donna@purus.edu,2017-08-15,468-418-4315,1964-02-17,F
8358,Brenna,Anastasia@amet.us,2018-10-24,808-714-0268,1994-03-23,F
5458,Brenna,Deacon@Nulla.gov,2017-05-31,939-182-6420,1959-06-14,F
5602,Briar,Ella@Quisque.gov,2019-03-04,111-315-1515,2000-05-11,F
8400,Brielle,Garrison@id.gov,2017-06-27,979-868-8281,1980-07-12,F
5644,Brielle,Illana@nulla.edu,2019-02-19,133-160-8163,1998-04-17,F
5412,Brielle,Galena@molestie.gov,2018-06-07,167-374-3408,1982-06-01,F
5594,Britanney,Skyler@in.org,2017-10-09,890-514-6345,1967-07-13,F
3456,Britanney Stuart,Stacy@per.us,2017-11-20,072-964-4264,1970-02-20,F
8069,Brittany,Elvis@non.com,2018-09-25,078-856-3510,1967-10-08,F
5002,Brittany,Quinlan@vestibulum.us,2018-03-04,143-096-8722,1991-02-01,F
3322,Brittany Bradshaw,Rina@Duis.us,2017-02-16,927-758-6053,1953-01-16,F
5932,Brooke,Nola@elit.org,2017-03-09,426-586-7632,1954-05-07,F
3305,Brooke Munoz,William@montes.com,2017-01-12,573-552-0754,1950-11-16,F
8011,Bryar,Stone@dis.com,2018-11-28,736-748-1153,1986-01-19,F
5929,Bryar,Ezekiel@quis.com,2017-07-02,867-752-5980,1961-06-08,F
5052,Bryar,Deborah@mauris.us,2018-02-21,599-472-2561,1975-11-23,F
5783,Brynne,Erich@imperdiet.net,2017-05-29,333-666-9742,1983-12-30,F
8012,Brynne,Nyssa@nulla.net,2017-06-17,074-894-2047,1951-03-22,F
8328,Buffy,Jack@Morbi.gov,2019-01-08,351-336-1057,1998-12-03,F
8410,Buffy,Fletcher@Nam.org,2018-09-23,216-220-6085,1962-08-05,F
3435,Buffy Castaneda,Jayme@id.net,2017-10-08,337-999-5649,1967-06-18,F
3397,Buffy Drake,Nasim@penatibus.net,2017-07-21,103-192-4069,1962-08-12,F
5655,Cadman,Alec@hendrerit.edu,2018-06-15,493-120-7589,1993-09-10,F
5807,Cailin,Carla@accumsan.us,2019-02-05,132-794-8644,1997-06-11,F
8353,Cailin,Kai@sollicitudin.gov,2017-02-20,318-818-4047,1994-11-01,F
8239,Callie,Xaviera@pulvinar.com,2018-04-05,105-261-1144,1997-01-11,F
3449,Callie Holmes,Aline@sem.com,2017-11-06,691-223-3821,1969-03-31,F
5851,Camden,Kuame@Ut.net,2017-10-05,987-277-8554,1987-04-09,F
5553,Cameran,Tara@viverra.net,2018-10-16,859-352-0913,1990-06-30,F
5673,Camilla,Farrah@porta.net,2018-11-01,631-333-4445,1991-06-28,F
5442,Camilla,Jane@sagittis.net,2018-08-01,047-455-0246,1994-11-27,F
5229,Camilla,Emerson@venenatis.edu,2018-03-21,234-434-5624,1977-08-06,F
8240,Camilla,Cullen@orci.gov,2018-03-25,349-595-2984,1955-03-27,F
3553,Camille Bennett,Ryan@Cras.org,2018-06-09,134-851-9585,1982-07-07,F
3316,Camille Glass,Hedley@adipiscing.gov,2017-02-04,448-528-3198,1952-04-11,F
3454,Camille Mcgowan,MacKensie@feugiat.com,2017-11-16,367-601-5927,1969-11-19,F
3604,Camille Tyler,Solomon@pretium.org,2018-09-22,102-192-8157,1989-01-08,F
3463,Candice Odonnell,Brady@imperdiet.gov,2017-12-05,362-945-7057,1971-01-12,F
5911,Cara,Sasha@nec.edu,2017-08-01,256-607-9800,1963-04-12,F
3556,Cara Solis,Cynthia@conubia.org,2018-06-15,615-958-2420,1982-11-24,F
3580,Carissa Ayers,Dorothy@mattis.us,2018-08-03,554-443-6196,1985-12-17,F
3665,Carissa Schmidt,Nolan@primis.com,2019-01-26,753-629-7354,1996-10-21,F
5249,Carla,Hector@accumsan.edu,2017-12-06,108-926-4146,1988-11-04,F
3328,Carla Douglas,Nigel@est.com,2017-02-28,239-263-9162,1953-10-22,F
3460,Carla Miller,Berk@placerat.org,2017-11-28,276-491-8530,1970-08-26,F
3434,Carla Stevens,Lucian@convallis.org,2017-10-06,842-123-1097,1967-05-02,F
3677,Carly Pierce,Ginger@purus.net,2019-02-20,281-633-3721,1998-05-03,F
5162,Carol,Willow@tellus.org,2018-10-27,180-429-2795,1991-03-16,F
5115,Carol,Francis@Aenean.net,2017-01-21,580-733-6882,1980-09-21,F
5785,Carol,Winifred@ultricies.com,2018-01-11,219-745-9748,1989-10-02,F
8274,Carolyn,Lillian@gravida.edu,2018-09-17,509-030-4926,1956-05-26,F
5890,Caryn,Declan@porta.net,2017-07-04,816-445-1818,1961-07-30,F
3694,Caryn Parrish,Clinton@Duis.net,2019-03-27,937-738-4888,2000-07-03,F
5871,Cassady,Kirk@Class.us,2017-05-20,067-391-4250,1983-10-03,F
5451,Cassady,Desirae@Nunc.org,2018-12-28,267-564-7453,1995-01-12,F
5297,Cassandra,Fitzgerald@vulputate.com,2017-11-12,064-116-7578,1969-08-28,F
8020,Cassandra,Xenos@Cras.org,2017-02-16,897-431-2078,1967-01-19,F
5427,Cassandra,Marshall@tempor.edu,2017-11-21,958-104-2136,1970-03-23,F
3490,Cassidy Stein,Rogan@ultricies.net,2018-01-29,534-851-2473,1974-06-24,F
3735,Castor Bartlett,Hu@volutpat.us,2017-10-18,717-630-3760,1968-02-06,F
5055,Catherine,Abel@luctus.gov,2017-06-07,143-651-4247,1959-11-16,F
8344,Cecilia,Stewart@rutrum.com,2018-01-14,481-720-0690,1988-04-22,F
8385,Cecilia,Hasad@lectus.gov,2017-10-27,448-465-2316,1966-10-04,F
3323,Cecilia Davidson,Donovan@posuere.org,2017-02-18,764-601-4599,1953-03-03,F
3477,Cecilia Mcfadden,Donna@sapien.edu,2018-01-02,604-632-2873,1972-10-26,F
5024,Celeste,Velma@hendrerit.gov,2017-03-21,152-947-7785,1982-03-28,F
8254,Celeste,Channing@magnis.gov,2017-01-08,592-227-9560,1967-03-21,F
8322,Chanda,Rowan@pellentesque.edu,2019-03-21,983-464-8781,1969-06-15,F
8161,Chanda,Cameron@nonummy.net,2017-08-13,475-345-9195,1995-07-04,F
3330,Chanda Marks,Stewart@consequat.org,2017-03-05,058-713-8690,1954-01-24,F
8241,Chantale,Wallace@Curabitur.gov,2017-04-04,165-552-9817,2000-01-11,F
5883,Chantale,Evan@taciti.edu,2017-06-24,789-138-3140,1984-08-30,F
5859,Chantale,Erich@litora.us,2017-11-01,949-598-3906,1968-12-12,F
5228,Charde,Adrian@tortor.edu,2017-01-06,349-505-8576,1950-07-09,F
5943,Charde,Bruno@ante.edu,2018-10-07,636-954-5412,1989-12-05,F
5921,Charissa,Rogan@Mauris.edu,2018-10-24,249-695-1039,1997-01-10,F
3308,Charissa Cobb,Regan@Vivamus.net,2017-01-18,618-483-1616,1951-04-04,F
5923,Charity,Zeus@velit.us,2018-10-09,199-159-5464,1990-01-26,F
3381,Charity Harvey,Perry@fermentum.edu,2017-06-18,407-580-6600,1960-07-27,F
8294,Charlotte,Xaviera@Quisque.com,2017-01-03,385-899-7846,1993-04-30,F
8199,Charlotte,Stewart@felis.gov,2019-03-09,546-240-9729,1995-09-27,F
3312,Charlotte Webb,Phelan@rutrum.org,2017-01-26,542-155-7242,1951-10-08,F
5840,Chastity,Tanner@massa.gov,2018-04-06,288-786-8514,1978-08-03,F
3522,Chava Gordon,Dora@congue.net,2018-04-05,589-834-9283,1978-07-24,F
3333,Chava Guzman,Igor@condimentum.us,2017-03-11,675-302-8631,1954-06-12,F
5766,Chelsea,Kelly@cursus.net,2017-04-17,516-546-1922,1956-10-03,F
3318,Chelsea Bray,Willow@sem.net,2017-02-08,288-181-8604,1952-07-13,F
8297,Cherokee,Gillian@sollicitudin.gov,2017-11-17,522-014-5923,1974-07-09,F
3540,Cherokee Lambert,Barry@massa.edu,2018-05-13,113-524-2265,1980-11-09,F
3377,Cherokee West,Andrew@ornare.com,2017-06-10,592-412-5994,1960-01-23,F
8259,Cheryl,Liberty@sollicitudin.edu,2019-02-13,096-125-2210,1998-07-01,F
5012,Cheyenne,Ronan@metus.org,2017-06-30,402-678-4058,1961-04-17,F
8083,Christen,Leo@egestas.org,2017-08-23,385-972-1585,1990-04-13,F
3681,Christine Bentley,Cain@ultricies.gov,2019-02-28,739-297-5663,1998-11-05,F
5819,Ciara,Dalton@nisi.gov,2017-11-26,927-601-9363,1970-07-05,F
5793,Ciara,Chiquita@ullamcorper.org,2017-03-24,687-261-1559,1982-04-19,F
8146,Ciara,Rigel@luctus.com,2017-11-08,193-078-2397,1999-03-19,F
5379,Ciara,Isabella@tempor.us,2017-02-21,448-426-3315,1953-05-10,F
3382,Ciara Rosales,Bethany@nascetur.net,2017-06-20,736-765-8412,1960-09-12,F
5037,Claudia,Uriah@mauris.net,2019-03-14,111-270-6796,1999-09-17,F
8499,Clementine,Dieter@ac.us,2017-11-09,297-550-7776,1996-06-04,F
5599,Clementine,Aladdin@Fusce.gov,2018-01-18,525-431-9474,1973-10-08,F
8200,Cleo,Lacy@Nam.net,2019-02-16,258-533-4485,1987-12-15,F
5092,Cleo,Lael@montes.gov,2018-08-06,740-341-9235,1986-02-06,F
5017,Clio,Noel@torquent.org,2019-01-25,454-957-1429,1999-05-23,F
5709,Colby,Kennan@cursus.org,2019-02-15,200-551-8380,1999-12-08,F
5711,Colby,Nora@condimentum.gov,2017-03-09,512-582-5526,1981-12-07,F
3726,Cole Solis,Hiroko@condimentum.net,2017-08-05,905-031-0586,1963-07-04,F
8005,Colette,Orson@magnis.us,2017-12-16,187-230-3596,1970-03-29,F
5475,Colette,Kellie@imperdiet.org,2018-05-12,545-233-0144,1992-11-04,F
5867,Colleen,Jocelyn@penatibus.net,2018-07-02,924-439-5613,1983-12-23,F
5744,Colleen,Blythe@Vivamus.com,2018-07-09,507-759-4461,1984-05-26,F
3457,Colleen Copeland,Kenneth@nascetur.edu,2017-11-22,550-171-0393,1970-04-08,F
5845,Colorado,Igor@erat.us,2019-04-09,905-921-1109,2001-04-09,F
5836,Constance,Hilda@vitae.org,2018-06-24,187-555-5665,1993-12-08,F
8329,Constance,Keefe@pellentesque.edu,2019-02-16,983-120-8632,1955-03-23,F
5918,Constance,Carl@venenatis.us,2018-07-05,590-661-9457,1984-02-12,F
8203,Cora,Winifred@orci.us,2019-02-12,812-051-0628,2000-07-02,F
5561,Cora,Ramona@rutrum.us,2017-07-30,325-229-9562,1963-02-19,F
3658,Cora Weaver,Linus@Cum.edu,2019-01-12,975-593-9980,1995-11-29,F
8148,Courtney,Nicole@Vivamus.com,2017-06-14,871-378-9621,1997-11-24,F
3389,Courtney Holden,Preston@suscipit.edu,2017-07-05,789-571-0596,1961-08-04,F
5063,Cynthia,Len@Morbi.us,2019-03-01,136-049-5766,2000-04-19,F
3310,Cynthia Hurley,Miriam@arcu.edu,2017-01-22,305-573-4564,1951-07-07,F
5395,Dacey,Maile@pretium.edu,2018-02-03,123-170-9877,1974-10-05,F
3469,Dacey Donaldson,Russell@magnis.us,2017-12-17,438-172-0889,1971-10-19,F
8142,Dahlia,Rinah@posuere.gov,2017-10-31,589-980-5102,1968-04-11,F
8255,Dahlia,Lacey@iaculis.edu,2018-05-15,834-198-8247,1996-09-19,F
5574,Dai,Galvin@bibendum.net,2018-03-09,846-217-0630,1976-11-20,F
5188,Dai,Amos@Duis.gov,2017-10-04,625-126-2028,1967-04-01,F
5787,Dai,Gwendolyn@lacus.gov,2018-03-02,982-410-3886,1991-01-10,F
3396,Dai Bennett,Vielka@elementum.com,2017-07-19,499-614-8312,1962-06-26,F
5346,Dale,Blaze@diam.net,2018-09-27,067-632-9413,1996-05-11,F
5500,Dana,Imani@Aenean.gov,2017-01-04,648-929-3746,1950-05-18,F
3337,Dana Curtis,Burton@mus.com,2017-03-19,336-130-4252,1954-12-16,F
8414,Danielle,Aurora@Curabitur.edu,2018-06-21,916-165-0522,1953-12-29,F
5220,Danielle,Walker@primis.com,2017-10-23,177-450-0154,1968-05-19,F
5715,Daphne,Rhona@Proin.gov,2017-12-14,256-911-6884,1971-08-23,F
8361,Dara,Illana@sed.us,2018-12-15,311-239-0511,1992-11-09,F
5303,Dara,Ulla@netus.com,2018-04-27,606-239-7351,1979-11-12,F
8094,Daria,Armand@vestibulum.org,2018-02-20,346-118-3520,1992-06-09,F
5323,Darryl,Yvette@fames.com,2018-03-07,141-084-6498,1976-09-29,F
8043,Darryl,Yvonne@habitant.gov,2017-09-23,628-634-5655,1982-10-04,F
5187,Darryl,Katelyn@dui.edu,2018-12-01,884-693-1637,1993-05-01,F
5473,Daryl,Melissa@penatibus.org,2017-05-29,639-152-5164,1959-04-23,F
3592,Daryl Watts,Quon@diam.org,2018-08-28,996-012-5651,1987-06-29,F
5227,Dawn,Dane@vulputate.us,2017-09-30,428-464-8163,1966-12-18,F
3634,Dawn Herring,Regan@ornare.net,2018-11-23,971-827-3957,1992-11-06,F
5260,Deanna,Keith@sagittis.org,2017-12-01,193-895-2887,1970-10-16,F
3635,Deanna Rivas,Uriel@Aenean.com,2018-11-25,807-319-9750,1992-12-23,F
5627,Deborah,McKenzie@Sed.gov,2019-01-27,947-851-1480,1996-11-15,F
3437,Deborah Myers,Ivor@primis.net,2017-10-12,727-062-2409,1967-09-19,F
5723,Debra,Kasper@diam.com,2017-09-09,038-529-7903,1965-09-08,F
5142,Debra,Armand@elementum.org,2019-03-16,221-105-2873,2000-08-30,F
5831,Debra,Cecilia@amet.org,2017-03-12,885-179-8568,1981-12-30,F
8304,Debra,Ciara@sit.gov,2018-07-27,960-879-2531,1997-03-17,F
3595,Debra Sanchez,Halee@ligula.net,2018-09-03,996-942-4265,1987-11-16,F
8234,Deirdre,Glenna@ultricies.org,2019-03-13,520-419-7235,2001-02-17,F
5525,Deirdre,Zia@euismod.net,2019-01-20,775-655-8553,1996-06-13,F
8030,Deirdre,Austin@Nullam.edu,2018-08-23,383-091-4412,1994-01-10,F
8230,Deirdre,Branden@a.us,2019-02-05,908-330-4782,1990-03-28,F
3380,Deirdre Peterson,Pascale@tortor.net,2017-06-16,837-424-6525,1960-06-11,F
8360,Delilah,Avram@consectetuer.net,2018-10-04,816-789-8142,1968-04-10,F
5247,Delilah,Wayne@tellus.org,2018-04-14,232-324-8136,1992-02-13,F
3475,Delilah Strickland,Xavier@nonummy.com,2017-12-29,487-827-5770,1972-07-25,F
5006,Demetria,Charles@hymenaeos.org,2018-10-12,435-646-9201,1996-09-21,F
5422,Demetria,Kermit@interdum.gov,2018-02-26,948-218-0897,1976-03-06,F
3465,Demetria Bates,Kuame@non.org,2017-12-09,918-153-0065,1971-04-16,F
5144,Denise,Caleb@sem.edu,2019-03-03,781-285-9636,1999-01-01,F
5825,Denise,Sylvia@semper.net,2017-04-21,943-743-6356,1983-01-10,F
5416,Denise,Preston@sollicitudin.us,2018-11-08,922-931-6420,1991-11-30,F
3388,Denise Armstrong,Isadora@eleifend.us,2017-07-02,805-724-6813,1961-06-18,F
3320,Denise Matthews,Hannah@facilisis.org,2017-02-12,212-992-5826,1952-10-15,F
5487,Desirae,Ocean@Nullam.org,2018-03-21,193-446-2085,1991-07-06,F
5480,Desiree,Shay@netus.net,2017-04-24,992-018-1375,1957-03-08,F
3533,Desiree Larson,Kirk@In.us,2018-04-28,376-427-8790,1979-12-18,F
5254,Destiny,Dante@quam.org,2017-05-08,192-555-4995,1958-01-12,F
3471,Destiny Finch,Summer@dolor.edu,2017-12-21,540-434-5587,1972-01-20,F
3452,Destiny Mcgee,Destiny@magna.edu,2017-11-12,535-822-3389,1969-08-18,F
8392,Diana,Edward@eu.net,2017-05-16,967-301-6469,1994-02-17,F
3451,Diana Baird,Rebekah@bibendum.org,2017-11-10,215-020-6026,1969-07-02,F
5919,Dillon,Sacha@nec.com,2017-06-08,059-090-5580,1984-03-28,F
5013,Dillon,Yeo@hendrerit.edu,2017-08-21,732-348-5940,1986-02-12,F
8398,Dominique,Marshall@velit.com,2017-01-28,351-466-3501,1991-07-18,F
5153,Dominique,Ori@dui.com,2017-02-23,372-303-7067,1953-06-30,F
3688,Donna Fleming,Hashim@Phasellus.net,2019-03-15,104-237-8780,1999-09-27,F
3701,Donovan Trevino,Miranda@eget.com,2017-01-10,127-289-9961,1950-09-30,F
3566,Doris Roberson,Tallulah@varius.edu,2018-07-05,840-084-8407,1984-03-04,F
8081,Dorothy,Quon@at.gov,2017-06-29,633-308-2054,1980-06-23,F
8298,Dorothy,Ifeoma@dolor.net,2018-04-06,377-260-8986,1978-07-13,F
3589,Dorothy Cortez,Alika@auctor.gov,2018-08-22,965-870-4747,1987-02-09,F
3684,Dorothy Turner,Colt@Cum.edu,2019-03-06,753-129-4149,1999-03-25,F
3745,Eaton Mcguire,Laura@tellus.us,2018-01-09,171-496-3841,1973-03-15,F
5748,Echo,Barbara@Aliquam.gov,2018-12-19,558-257-3353,1994-06-19,F
8102,Echo,Hayden@nascetur.edu,2019-02-22,825-040-0765,1987-11-26,F
8013,Echo,Barrett@malesuada.gov,2017-12-05,650-357-4202,1957-10-20,F
5717,Elaine,Iris@mattis.us,2017-04-26,083-341-2658,1983-02-23,F
3486,Eleanor Stephens,Clementine@ullamcorper.us,2018-01-21,028-324-8482,1973-12-19,F
3530,Eliana Best,Mark@ornare.org,2018-04-22,726-360-1010,1979-08-01,F
8190,Elizabeth,Garth@interdum.net,2017-06-02,698-970-3375,1963-10-25,F
5833,Elizabeth,Gannon@Proin.us,2018-10-11,650-252-0538,1990-03-19,F
3482,Elizabeth Randall,Kaseem@diam.edu,2018-01-13,063-456-2354,1973-06-16,F
3502,Ella Michael,Gannon@blandit.net,2018-02-23,865-089-6530,1976-01-04,F
8359,Emi,Drake@pede.org,2017-08-19,885-078-9019,1979-07-03,F
5797,Emi,Eagan@urna.us,2018-07-11,922-996-1018,1984-07-17,F
5431,Emily,Jeremy@in.edu,2018-03-23,178-935-0829,1991-07-28,F
8479,Emma,Ivory@interdum.edu,2017-12-29,125-641-7147,1990-03-22,F
3324,Emma Cunningham,Yetta@augue.org,2017-02-20,495-345-8164,1953-04-19,F
3640,Emma Rice,Herman@Maecenas.net,2018-12-05,549-713-3864,1993-08-13,F
8286,Erin,Kamal@fames.net,2017-05-29,389-280-3789,1992-05-30,F
3511,Erin Christian,Cade@ut.org,2018-03-14,711-861-0253,1977-02-26,F
3395,Erin Nunez,Cally@venenatis.org,2017-07-17,592-703-3354,1962-05-11,F
5897,Eugenia,Virginia@Suspendisse.us,2019-02-15,563-443-2006,1998-01-04,F
8407,Eugenia,Carla@id.net,2018-10-13,096-523-8913,1980-09-11,F
3373,Eugenia Oconnor,Clare@ad.edu,2017-06-01,725-904-0851,1959-07-20,F
8075,Evangeline,Zephania@ad.us,2018-09-14,717-435-8927,1987-06-12,F
5610,Evangeline,Dacey@faucibus.org,2019-03-19,380-465-6138,1999-12-30,F
5653,Eve,Amos@sed.edu,2018-03-25,973-829-3917,1977-11-17,F
3366,Eve Delacruz,Naida@id.net,2017-05-18,883-584-0321,1958-08-28,F
8482,Faith,Quin@netus.gov,2019-03-13,487-026-2881,1964-07-21,F
8411,Faith,Abel@dolor.org,2017-09-26,752-690-7117,1966-04-15,F
5731,Fallon,Idola@diam.com,2018-03-30,324-018-6525,1991-10-03,F
5122,Fallon,Montana@convallis.us,2017-05-19,007-979-5386,1958-09-28,F
3576,Fallon Dean,Shafira@ipsum.net,2018-07-26,039-854-4514,1985-06-13,F
8218,Farrah,Kelly@Aenean.net,2017-03-24,502-947-2286,1967-05-21,F
3393,Farrah Hudson,Eric@Proin.org,2017-07-13,545-467-3850,1962-02-06,F
5382,Fatima,Gemma@egestas.edu,2018-02-06,384-769-1872,1990-06-03,F
8196,Fay,Xenos@amet.gov,2018-01-26,513-175-8466,1999-05-02,F
5844,Felicia,Inez@Sed.edu,2019-03-11,267-068-7116,2000-07-17,F
3440,Felicia Ramos,Randall@accumsan.us,2017-10-18,273-247-5795,1968-02-06,F
5734,Fiona,Mari@viverra.gov,2018-01-13,503-570-6325,1989-10-24,F
5444,Fiona,Walker@interdum.edu,2017-07-06,249-704-8148,1984-12-18,F
8106,Fiona,Mohammad@ridiculus.us,2017-06-23,931-298-4873,1984-04-25,F
3692,Fleur Russo,Aurelia@euismod.com,2019-03-23,891-499-2656,2000-04-01,F
5141,Florence,Devin@sed.org,2018-09-16,996-399-6514,1996-01-22,F
3616,Florence Moon,Angela@lacus.net,2018-10-17,959-072-6835,1990-07-21,F
3680,Florence Wolfe,Cassandra@sociosqu.net,2019-02-26,572-027-5635,1998-09-20,F
5242,Flynn,Leonard@Quisque.com,2018-09-18,277-844-9937,1996-02-13,F
8183,Frances,Xaviera@Class.us,2018-06-11,343-230-9352,1971-07-01,F
5628,Francesca,Owen@tellus.us,2017-12-19,843-577-6771,1971-12-05,F
8285,Francesca,Audrey@magna.us,2018-10-26,174-904-8035,1990-09-21,F
5204,Fredericka,Jenna@velit.com,2017-09-02,813-917-4539,1965-04-06,F
3525,Fredericka Garner,Paula@ridiculus.us,2018-04-12,231-154-3072,1978-12-11,F
5078,Gage,Dana@Curabitur.net,2017-04-14,090-829-2339,1982-11-04,F
5169,Gail,Lani@viverra.net,2018-08-01,181-989-4834,1985-10-26,F
5199,Gail,Whoopi@non.edu,2018-07-27,099-392-7300,1994-10-14,F
3387,Gail Clements,Porter@a.org,2017-06-30,404-679-2554,1961-05-03,F
3588,Gail Harrell,Tamekah@enim.net,2018-08-20,038-606-1727,1986-12-24,F
5287,Galena,April@Cras.gov,2018-05-07,732-927-7206,1992-09-21,F
5022,Galena,Graham@sapien.com,2017-09-09,875-814-3354,1986-08-08,F
3654,Galena Coffey,Wesley@scelerisque.gov,2019-01-03,009-447-2155,1995-05-27,F
3646,Galena Tanner,Maggy@litora.com,2018-12-18,800-001-7765,1994-05-19,F
5725,Gay,Phelan@sociis.com,2018-02-18,272-530-9844,1990-09-21,F
3427,Gay Coffey,McKenzie@sem.gov,2017-09-21,660-805-8056,1966-06-10,F
3438,Gay Witt,Dylan@consectetuer.edu,2017-10-14,854-711-7331,1967-11-04,F
5658,Gemma,Hector@Donec.edu,2018-01-27,524-523-6958,1974-05-03,F
3406,Gemma Rodriguez,Buckminster@semper.gov,2017-08-09,210-322-9268,1963-10-05,F
8277,Genevieve,Hunter@imperdiet.edu,2017-04-16,539-723-1542,1995-11-16,F
8117,Genevieve,Brynne@consequat.us,2017-06-22,691-782-3338,1984-11-04,F
5534,Genevieve,Jaquelyn@morbi.edu,2017-05-08,067-886-4090,1983-06-14,F
5611,Georgia,Katell@malesuada.com,2017-05-12,978-620-8637,1958-04-26,F
3443,Georgia Kirby,Kane@condimentum.gov,2017-10-24,619-421-5281,1968-06-24,F
5554,Geraldine,Stuart@magna.net,2018-04-04,454-252-3378,1978-06-12,F
8114,Geraldine,Wyoming@magnis.us,2019-03-30,012-792-3318,2000-05-16,F
3644,Geraldine Sandoval,Nevada@feugiat.com,2018-12-14,978-862-9633,1994-02-15,F
8009,Germaine,Jennifer@dolor.com,2018-06-11,241-694-6251,1993-01-20,F
3385,Germaine Mitchell,Hop@tempus.gov,2017-06-26,399-990-7145,1961-01-30,F
8100,Germane,Zelenia@gravida.net,2019-01-26,619-020-4085,1968-03-17,F
5828,Gil,Amethyst@per.edu,2017-11-05,156-443-3213,1988-01-21,F
5278,Ginger,Xyla@Nullam.us,2018-03-14,951-084-8682,1977-03-03,F
5729,Ginger,Timothy@senectus.us,2018-06-19,966-137-8712,1993-10-24,F
8380,Gisela,Hasad@parturient.net,2018-01-31,425-267-0851,1953-04-10,F
8490,Gisela,Ursula@orci.com,2017-08-18,371-955-8530,1998-08-01,F
5907,Giselle,Colton@Cras.gov,2017-07-23,423-559-4425,1985-05-22,F
3461,Giselle Ewing,Branden@nisi.org,2017-11-30,674-590-8670,1970-10-11,F
3360,Giselle Levine,Ishmael@pharetra.gov,2017-05-06,092-528-5807,1957-11-22,F
5443,Glenna,Mariam@viverra.us,2017-09-20,196-487-1774,1966-05-25,F
3446,Glenna Jennings,Eve@ipsum.gov,2017-10-30,681-175-5936,1968-11-11,F
3479,Glenna Woodward,Demetria@dis.org,2018-01-07,179-475-7139,1973-01-27,F
5691,Gloria,Adena@volutpat.edu,2017-03-07,730-719-0449,1954-03-16,F
5472,Gloria,Bruno@magna.net,2017-02-11,073-712-2077,1981-04-08,F
5291,Grace,Preston@fermentum.com,2017-01-29,931-391-4698,1951-12-09,F
3761,Gray Reynolds,Cynthia@aliquet.org,2018-05-21,770-967-1645,1981-05-14,F
8325,Guinevere,Gillian@id.net,2017-01-15,256-309-6018,1969-02-13,F
5342,Guinevere,Kameko@mattis.us,2018-06-21,530-371-1131,1983-04-08,F
5076,Guinevere,Beck@lorem.gov,2018-12-26,792-225-9636,1994-11-22,F
3673,Guinevere Cooke,Ciaran@nonummy.gov,2019-02-12,605-368-5924,1997-10-28,F
5892,Gwendolyn,Margaret@primis.com,2017-05-10,928-830-4565,1983-07-06,F
5549,Gwendolyn,Caleb@laoreet.org,2017-11-03,176-584-1405,1969-02-02,F
5635,Hadassah,Nicole@montes.net,2017-11-08,413-044-2732,1969-05-17,F
5304,Hadassah,Whoopi@accumsan.org,2017-09-13,353-799-5946,1965-12-21,F
3531,Hadassah Reyes,Macaulay@parturient.edu,2018-04-24,715-528-8148,1979-09-16,F
3569,Hadley Olsen,Quail@sollicitudin.com,2018-07-12,399-713-7814,1984-07-22,F
5367,Hakeem,Micah@eget.edu,2018-12-06,750-405-5100,1998-02-12,F
3612,Halee Perez,Xyla@lorem.gov,2018-10-09,808-506-0308,1990-01-16,F
3515,Haley Spence,Darryl@risus.edu,2018-03-22,265-939-0297,1977-09-01,F
5211,Halla,Keely@varius.com,2018-07-01,059-261-8088,1994-02-12,F
3419,Halla Cole,Salvador@Duis.org,2017-09-05,430-854-4973,1965-06-02,F
3752,Hamilton Kidd,Vivien@nascetur.com,2018-03-08,037-113-4472,1976-10-09,F
5642,Hanae,Xenos@quis.edu,2018-06-28,083-328-2761,1983-09-10,F
8311,Hanna,Rylee@taciti.org,2017-03-27,549-244-2656,1967-06-06,F
8181,Hannah,Illiana@purus.net,2017-06-11,138-364-6085,1995-03-03,F
8125,Hannah,Raymond@Aenean.com,2018-02-04,916-172-4117,1974-01-18,F
3587,Harriet Kirkland,Lillian@quis.net,2018-08-18,900-081-0361,1986-11-08,F
3582,Harriet Mills,Kyla@quis.com,2018-08-08,545-362-8532,1986-03-20,F
5476,Haviva,Vincent@venenatis.edu,2017-10-06,755-139-1279,1967-05-23,F
5648,Haviva,Quinn@Curae.net,2018-03-19,397-951-8930,1977-06-15,F
3399,Haviva Blanchard,Lysandra@adipiscing.com,2017-07-25,880-584-9921,1962-11-13,F
3507,Haviva Cherry,Harper@montes.us,2018-03-05,377-133-9399,1976-08-24,F
3497,Haviva Hale,Cleo@vitae.com,2018-02-13,803-505-8503,1975-05-16,F
5927,Hayes,Barbara@mollis.com,2017-12-08,028-480-1073,1988-11-26,F
3462,Hayfa Reid,Cameron@mus.gov,2017-12-02,317-663-8102,1970-11-27,F
5512,Hayley,Stewart@ligula.edu,2018-04-11,675-462-1824,1978-11-15,F
5463,Hayley,Kiara@auctor.us,2018-04-24,709-655-2644,1979-09-21,F
3503,Hayley Sellers,Amir@Cras.net,2018-02-25,489-317-0295,1976-02-19,F
3417,Hayley Spears,Harriet@magna.edu,2017-08-31,806-379-1972,1965-03-01,F
5170,Heather,Brianna@interdum.edu,2017-02-28,144-085-7920,1953-10-12,F
8015,Hedwig,Myra@metus.edu,2018-05-20,901-503-1234,1951-08-11,F
5631,Heidi,Wayne@sociosqu.gov,2018-12-22,163-708-5873,1998-07-17,F
5345,Heidi,Ignacia@augue.us,2018-02-24,713-442-9640,1976-01-14,F
8291,Helen,Evelyn@Mauris.net,2017-04-29,612-637-4717,1995-02-16,F
8220,Hermione,Baker@Donec.edu,2017-09-29,568-085-8311,1959-06-06,F
5378,Hilary,Xavier@magnis.gov,2018-08-13,579-792-3443,1995-03-18,F
5551,Hilary,Quamar@aliquam.com,2018-02-28,083-680-1202,1976-04-27,F
5901,Hilda,James@turpis.us,2019-03-21,740-800-2052,2000-02-19,F
8488,Hilda,Avye@magnis.net,2019-03-01,565-619-5744,1953-10-02,F
5060,Hilda,Marah@morbi.com,2018-01-16,834-045-8923,1973-08-17,F
5366,Hilda,Sierra@cubilia.com,2019-01-08,092-120-8580,1998-12-19,F
5320,Hillary,Ifeoma@Vestibulum.gov,2019-04-01,410-133-3132,2001-02-01,F
5244,Hiroko,Jesse@tempus.org,2017-08-31,953-888-0110,1965-02-13,F
8135,Hollee,Bo@scelerisque.org,2018-12-02,892-780-1640,1977-11-14,F
5754,Hollee,Nigel@et.gov,2018-02-01,801-175-7101,1990-04-19,F
8037,Holly,Kirk@ullamcorper.net,2018-05-07,732-673-2150,1967-09-12,F
5358,Holly,Camille@commodo.net,2017-09-25,209-341-1647,1966-09-06,F
5630,Holly,Regina@Nullam.us,2017-08-24,335-906-7080,1964-09-11,F
8229,Honorato,Tyrone@Vivamus.gov,2017-11-14,637-874-9930,1991-06-18,F
5543,Hop,Wyatt@tincidunt.net,2017-11-10,396-201-1407,1988-03-06,F
5939,Hope,Emmanuel@quis.org,2019-04-09,659-428-7985,2001-04-09,F
3351,Hope Fernandez,Baker@justo.net,2017-04-17,343-610-0398,1956-09-28,F
5896,Hoyt,Keelie@vitae.com,2019-01-27,849-731-8587,1999-06-14,F
5562,Hyacinth,Gary@Cras.gov,2018-08-16,013-129-8672,1995-04-09,F
3579,Hyacinth Gallagher,Chancellor@pulvinar.org,2018-08-01,051-934-5139,1985-10-31,F
3763,Hyatt Cruz,Donovan@mattis.edu,2018-06-07,629-061-5714,1982-05-22,F
5898,Idola,Idola@ipsum.gov,2018-09-02,086-947-2747,1987-10-21,F
8209,Idola,Jayme@non.edu,2018-07-13,525-843-3347,1980-10-05,F
3500,Idola Riggs,Jessica@malesuada.net,2018-02-19,988-060-6654,1975-10-03,F
5652,Idona,Nayda@faucibus.org,2018-08-31,306-505-7599,1987-08-30,F
5034,Ifeoma,Ulysses@Ut.net,2017-10-11,064-471-1812,1967-09-03,F
3361,Ifeoma Butler,Tyler@luctus.org,2017-05-08,854-385-1287,1958-01-07,F
3690,Ifeoma Hahn,Amy@Praesent.us,2019-03-19,881-810-6934,1999-12-30,F
3473,Ifeoma Tucker,Fuller@pellentesque.org,2017-12-25,480-462-0439,1972-04-22,F
8454,Ignacia,Holmes@dis.us,2019-03-21,963-304-9054,1963-07-28,F
3352,Ila Goodman,Dante@consequat.com,2017-04-19,739-121-3784,1956-11-14,F
3470,Ila Hunt,Rashad@elementum.org,2017-12-19,606-496-9779,1971-12-05,F
3675,Illana Graves,Xena@sit.gov,2019-02-16,109-939-8270,1998-01-30,F
3565,Illana Hartman,Graiden@rutrum.us,2018-07-03,749-327-8462,1984-01-18,F
3602,Illiana Reid,Daniel@Class.org,2018-09-18,812-398-8304,1988-10-07,F
5225,Ima,Eleanor@amet.net,2018-07-25,932-763-9007,1994-09-22,F
5259,Ima,Hanae@ultrices.net,2017-05-06,424-630-8237,1957-11-22,F
3394,Imani Juarez,Stephen@Ut.org,2017-07-15,983-776-8983,1962-03-25,F
3586,Imelda Miller,Jennifer@dolor.gov,2018-08-16,195-848-8911,1986-09-22,F
5672,Imogene,Yardley@eleifend.net,2018-09-30,740-659-5583,1996-06-02,F
5821,Imogene,Sylvia@Curabitur.net,2017-02-25,829-095-1695,1981-08-19,F
8187,Ina,Neville@condimentum.net,2017-07-24,468-506-7851,1968-06-03,F
8450,Ina,Sage@fermentum.org,2017-05-03,175-035-4783,1982-04-27,F
5273,India,Janna@magna.org,2017-02-19,002-041-5490,1953-03-19,F
3583,India Kelley,Lamar@nunc.org,2018-08-10,718-543-8498,1986-05-05,F
5826,Indigo,Sigourney@nulla.us,2019-02-03,607-664-8973,1997-04-20,F
8453,Indigo,John@penatibus.edu,2019-02-15,747-951-1393,2000-09-18,F
3676,Indigo Howe,Curran@Morbi.com,2019-02-18,099-744-6263,1998-03-17,F
5724,Indira,Steven@orci.com,2018-04-13,844-206-6310,1979-01-05,F
8120,Indira,Moses@metus.gov,2017-10-20,303-810-2486,1990-02-12,F
5784,Inez,Tyler@pulvinar.gov,2018-08-13,787-638-7405,1986-07-12,F
8397,Inga,Ingrid@Nam.org,2018-11-09,935-704-4297,1972-04-25,F
8474,Ingrid,Emery@tempor.org,2018-01-29,283-542-2748,1960-08-11,F
5364,Iola,Fuller@conubia.org,2017-03-25,920-036-2882,1955-05-05,F
3613,Iola Keller,Joy@aptent.org,2018-10-11,332-284-6296,1990-03-03,F
3474,Iola Rodriquez,Brody@ullamcorper.org,2017-12-27,403-804-7692,1972-06-08,F
8459,Iona,Ruth@blandit.com,2018-04-23,992-827-5588,1998-10-18,F
8338,Iona,Jemima@molestie.us,2019-02-06,275-617-1107,2000-06-25,F
5484,Ira,Laith@placerat.us,2017-04-16,776-003-9601,1982-11-27,F
8189,Irene,Micah@sociis.us,2017-11-20,530-478-5879,1976-06-04,F
5862,Irene,Raphael@cubilia.com,2017-02-23,574-336-0718,1981-07-28,F
5239,Irene,Yvonne@posuere.org,2018-10-09,954-244-6319,1996-08-30,F
5396,Iris,Herrod@habitant.edu,2017-12-24,272-239-5149,1972-03-17,F
8115,Iris,Julian@amet.edu,2017-01-09,156-491-7012,1973-05-12,F
3642,Iris Bradley,Isaiah@vehicula.edu,2018-12-10,285-950-6136,1993-11-14,F
5312,Irma,Lucius@sagittis.gov,2018-05-01,113-289-9591,1980-02-24,F
5135,Irma,Davis@porttitor.org,2019-01-18,668-623-5252,1996-04-22,F
3405,Irma Fulton,Charissa@dictum.org,2017-08-07,598-663-3302,1963-08-20,F
5294,Isabella,Talon@mollis.net,2017-03-30,261-203-0848,1955-08-16,F
8486,Isabelle,Leah@Curabitur.net,2018-05-05,118-737-6303,2000-04-26,F
8376,Ivana,Keelie@dapibus.gov,2017-07-03,205-429-9652,1995-12-24,F
8382,Ivana,Aspen@neque.edu,2017-09-10,885-853-6727,1977-03-30,F
5941,Ivana,Quinlan@porttitor.org,2018-09-01,556-841-5240,1995-09-11,F
3478,Ivana Holland,Vladimir@rutrum.us,2018-01-05,080-248-5135,1972-12-11,F
5625,Ivory,Cain@sociis.org,2019-01-09,600-976-1845,1995-09-28,F
3494,Ivory Rojas,Calista@quis.org,2018-02-07,958-049-5035,1974-12-27,F
5875,Jada,Aristotle@Suspendisse.edu,2017-06-02,917-212-1214,1959-08-05,F
5516,Jada,Daniel@mus.gov,2017-06-20,014-970-0336,1984-07-16,F
5462,Jada,Darius@Curae.us,2019-03-05,146-171-8216,1999-02-22,F
3597,Jael Giles,Uta@enim.com,2018-09-08,925-270-5493,1988-02-17,F
5421,Jaime,Hadley@eu.us,2018-04-30,364-533-3393,1992-07-17,F
8484,Jaime,Kane@ultricies.edu,2018-03-29,640-465-0742,2000-10-18,F
5769,Jamal,Lewis@at.gov,2019-01-03,799-191-9370,1998-11-05,F
8056,Jamalia,Melissa@nulla.us,2018-06-01,922-932-5399,1964-02-14,F
5106,Janna,Daquan@massa.net,2019-01-11,685-029-8856,1995-11-19,F
5583,Janna,Debra@mollis.com,2018-01-29,892-203-3645,1974-06-24,F
3409,Janna Delaney,Seth@vestibulum.com,2017-08-15,048-747-7825,1964-02-22,F
5477,Jaquelyn,Eugenia@inceptos.us,2018-12-17,014-996-8440,1994-04-28,F
8047,Jaquelyn,Joy@Pellentesque.edu,2017-07-19,162-746-4050,1973-08-24,F
5466,Jaquelyn,Clementine@blandit.edu,2018-06-18,084-506-5275,1983-02-15,F
5710,Jaquelyn,Dolan@lobortis.net,2017-04-01,209-685-8004,1955-10-07,F
5895,Jasmine,August@interdum.org,2018-09-07,017-628-4150,1988-02-01,F
8366,Jayme,Carlos@semper.com,2017-07-13,432-294-6616,1973-11-12,F
3697,Jayme King,Randall@consectetuer.org,2019-04-02,964-739-9482,2000-11-20,F
5174,Jelani,Rajah@ligula.com,2017-02-09,063-305-8816,1981-03-17,F
5677,Jelani,Zeus@Sed.org,2018-02-23,946-578-0335,1990-11-05,F
8390,Jelani,Herrod@odio.net,2019-01-13,367-821-8994,1996-12-29,F
8426,Jena,Elijah@rutrum.net,2018-03-30,481-473-2832,1959-12-25,F
5806,Jena,Tashya@viverra.net,2018-08-24,650-739-6567,1987-03-28,F
5025,Jena,Phelan@in.edu,2017-01-18,152-259-6309,1980-08-29,F
5108,Jenette,Neville@neque.org,2018-01-20,853-120-4552,1989-12-30,F
5656,Jenette,Wade@risus.net,2017-03-05,732-913-3616,1954-01-24,F
5935,Jenette,Germaine@montes.edu,2018-11-26,380-356-7034,1997-11-16,F
3523,Jenette Allen,Paki@at.com,2018-04-08,945-706-3166,1978-09-08,F
5113,Jennifer,Warren@nonummy.gov,2017-01-25,195-810-9465,1980-11-04,F
8491,Jennifer,Amber@Praesent.org,2017-05-15,424-686-1010,1957-09-01,F
5756,Jerry,Hyacinth@Nunc.gov,2018-12-13,064-990-9089,1998-04-20,F
5388,Jerry,Craig@mus.com,2018-08-04,295-133-2848,1994-12-19,F
5629,Jescie,Melinda@ac.org,2017-06-04,122-453-2386,1959-09-26,F
5887,Jescie,Fritz@vel.org,2018-01-22,490-099-0025,1974-01-19,F
3585,Jescie Reynolds,Tatiana@dolor.com,2018-08-14,112-834-4519,1986-08-07,F
3431,Jessamine Waller,Asher@facilisis.edu,2017-09-29,844-857-6091,1966-12-13,F
5573,Jessica,Zane@sociosqu.org,2018-10-14,101-979-1721,1996-10-13,F
5703,Jessica,Leila@volutpat.com,2019-02-10,208-540-2098,1997-09-22,F
3491,Jessica Bates,Kasimir@taciti.com,2018-01-31,047-743-7900,1974-08-09,F
3526,Jessica May,Judith@dictum.edu,2018-04-14,799-086-7696,1979-01-26,F
5099,Jillian,Ursa@cursus.gov,2018-05-15,793-155-2087,1980-12-30,F
3430,Jillian Franco,Bethany@nascetur.org,2017-09-27,664-049-9622,1966-10-28,F
3617,Jillian Lott,Maia@montes.net,2018-10-19,063-325-3545,1990-09-06,F
3546,Jillian Saunders,Carter@ullamcorper.gov,2018-05-25,128-485-2628,1981-08-15,F
5007,Jin,Giacomo@nunc.net,2017-04-24,389-817-5654,1983-02-01,F
5048,Jin,Lewis@sem.org,2019-04-04,636-079-5610,2001-02-23,F
5398,Joan,Madaline@eleifend.net,2018-07-25,516-982-7975,1985-05-23,F
5916,Joan,Sandra@dignissim.com,2017-06-18,478-187-7772,1960-08-01,F
5299,Joan,Owen@Donec.org,2018-05-20,226-911-6174,1981-04-13,F
5130,Joan,Mari@varius.org,2017-07-30,130-762-2666,1985-07-28,F
3655,Joan Peters,Lois@lectus.gov,2019-01-05,619-050-7156,1995-07-13,F
5613,Jocelyn,Silas@ante.com,2018-11-19,395-909-9464,1992-08-15,F
8178,Jocelyn,Sopoline@aliquam.edu,2017-01-09,607-439-8375,1998-11-23,F
5654,Jocelyn,Olga@non.com,2018-01-15,647-140-3892,1989-11-15,F
5622,Joelle,Cain@imperdiet.org,2017-08-28,450-165-5475,1964-12-23,F
3492,Joelle Cruz,Knox@nibh.gov,2018-02-02,230-639-5075,1974-09-25,F
3584,Joelle Hood,Jaime@Class.us,2018-08-12,289-492-3516,1986-06-21,F
3489,Joelle Workman,Perry@nascetur.edu,2018-01-27,108-768-6055,1974-05-08,F
3567,Jolene Ramsey,Colin@pretium.us,2018-07-08,004-419-5267,1984-04-20,F
8165,Jolie,Duncan@quam.us,2017-10-11,699-241-8432,1994-09-24,F
5243,Jordan,Jonah@egestas.us,2017-05-13,686-827-2302,1983-07-28,F
5924,Jorden,Melvin@Cum.com,2017-09-23,195-629-7803,1986-12-19,F
8443,Jorden,Pascale@imperdiet.edu,2018-12-29,599-779-4280,1963-08-13,F
8316,Josephine,Prescott@Sed.com,2017-06-03,229-562-8059,2000-07-18,F
8275,Josephine,Brady@at.gov,2017-10-24,816-998-3345,1997-11-10,F
5432,Joy,Lana@augue.org,2017-03-28,544-326-9822,1982-06-02,F
5679,Joy,Portia@iaculis.net,2018-11-22,068-859-2277,1992-10-06,F
8024,Julian,Emery@nonummy.us,2018-01-20,585-031-8690,1999-03-14,F
5498,Julie,Patrick@netus.us,2017-01-18,150-700-9475,1951-03-25,F
8237,Julie,Chanda@quis.edu,2017-06-04,391-019-3869,1998-06-26,F
5803,Julie,Cally@Vestibulum.edu,2018-06-27,223-641-1288,1993-12-30,F
3622,Julie Lopez,Knox@tortor.net,2018-10-29,068-209-4821,1991-04-27,F
5280,Juliet,Angela@ante.net,2018-05-06,110-982-8209,1980-06-06,F
5101,Justina,Stuart@sem.gov,2017-01-22,604-592-2090,1951-07-07,F
5687,Justina,Edward@sagittis.edu,2017-11-28,923-378-8802,1970-08-26,F
3656,Justina Brennan,Otto@quis.com,2019-01-08,221-284-7954,1995-08-28,F
5350,Kai,Astra@fermentum.org,2017-06-17,864-017-8732,1984-06-24,F
5096,Kai,Cade@Aliquam.org,2018-04-08,379-957-8974,1978-09-24,F
5438,Kaitlin,Leroy@turpis.gov,2018-12-08,317-489-7639,1993-10-03,F
8445,Kalia,Courtney@purus.org,2018-04-29,874-537-9834,1992-10-31,F
3356,Kalia Drake,Beau@Maecenas.org,2017-04-27,567-912-1942,1957-05-19,F
5183,Kameko,Arden@interdum.edu,2017-06-25,190-734-9216,1961-01-04,F
3370,Kameko Knox,Bianca@eget.org,2017-05-26,769-640-0042,1959-03-03,F
3493,Kameko Vaughan,Reagan@facilisis.edu,2018-02-05,624-475-0002,1974-11-10,F
5632,Kane,Macey@ullamcorper.edu,2018-09-23,169-061-8017,1996-03-28,F
5546,Karen,Azalia@at.com,2019-01-06,959-900-7597,1998-11-27,F
3689,Karleigh Logan,Shelley@Pellentesque.org,2019-03-17,997-117-7572,1999-11-13,F
5706,Karly,Kristen@nascetur.org,2017-11-05,413-261-8583,1969-03-26,F
5788,Karly,Asher@convallis.gov,2017-08-14,846-679-1531,1985-12-08,F
5799,Karly,Jordan@sem.us,2018-12-20,485-968-9684,1998-06-25,F
3651,Karly Walsh,Nicole@metus.org,2018-12-28,177-126-9571,1995-01-07,F
3666,Karly Williams,Gabriel@vestibulum.com,2019-01-28,874-262-4997,1996-12-06,F
5117,Karyn,Galvin@Nam.net,2017-12-27,483-587-4989,1989-05-22,F
3412,Karyn Bonner,Hashim@euismod.us,2017-08-21,729-646-1949,1964-07-11,F
5005,Kasimir,Xanthus@interdum.net,2018-04-23,503-438-2320,1992-05-11,F
5433,Kasimir,Lois@Nunc.net,2017-09-16,664-545-7103,1986-10-13,F
3341,Katell Dunlap,Sonya@quis.org,2017-03-27,111-197-6166,1955-06-20,F
5636,Katelyn,Barclay@In.us,2018-11-24,196-868-2529,1992-11-27,F
3349,Kathleen Langley,Xyla@massa.org,2017-04-13,659-861-9609,1956-06-27,F
5878,Kay,Hedy@nostra.gov,2019-01-17,280-945-4396,1999-03-18,F
5712,Keely,Wendy@laoreet.us,2017-03-02,015-279-9211,1953-12-03,F
3667,Keely Franks,Olympia@cursus.edu,2019-01-30,566-963-4370,1997-01-22,F
3472,Keely Hamilton,Mariko@consequat.gov,2017-12-23,403-319-5437,1972-03-07,F
5768,Keiko,Cruz@est.edu,2017-01-20,806-743-4263,1951-05-16,F
3418,Keiko Walls,Theodore@augue.com,2017-09-02,084-428-4672,1965-04-16,F
5529,Kellie,Fritz@Nullam.com,2017-12-07,476-052-3571,1971-03-21,F
3315,Kellie Barton,Hyacinth@urna.edu,2017-02-02,236-217-0356,1952-02-25,F
3538,Kellie Glover,Martin@Lorem.net,2018-05-09,942-466-6471,1980-08-07,F
3581,Kelsey Valenzuela,Bruno@malesuada.edu,2018-08-05,642-372-3063,1986-02-01,F
3426,Kelsie Rios,Talon@fames.us,2017-09-19,104-518-3834,1966-04-24,F
8046,Kessie,Damon@sagittis.us,2018-06-05,818-582-4616,1964-05-22,F
3416,Kiara Clark,Alisa@varius.com,2017-08-29,802-145-4119,1965-01-13,F
5226,Kiayada,Latifah@volutpat.us,2018-05-19,737-254-8561,1993-01-10,F
8019,Kiayada,Tallulah@Nulla.org,2018-05-15,102-205-7705,1991-02-15,F
3574,Kiayada Yang,Uta@tempus.net,2018-07-22,023-868-4158,1985-03-12,F
3539,Kim Allison,Damian@eros.org,2018-05-11,223-433-9288,1980-09-23,F
3354,Kimberley Larson,Petra@hymenaeos.gov,2017-04-23,182-309-2405,1957-02-15,F
3386,Kimberley Vance,Lareina@dictum.gov,2017-06-28,652-834-7981,1961-03-17,F
5537,Kimberly,Kamal@lectus.us,2017-01-11,290-287-3926,1950-10-21,F
8351,Kiona,Oren@penatibus.com,2018-01-22,890-301-3128,1961-03-23,F
3578,Kiona Glenn,Ciaran@adipiscing.gov,2018-07-30,079-440-8039,1985-09-14,F
8323,Kirby,Leandra@sollicitudin.org,2017-05-14,929-009-1714,1989-10-19,F
5571,Kirsten,Althea@inceptos.com,2017-07-25,700-546-4513,1962-11-08,F
3481,Kirsten Montgomery,Jack@Maecenas.edu,2018-01-11,370-478-7313,1973-04-30,F
3609,Kirsten Stuart,Violet@faucibus.us,2018-10-02,457-755-6512,1989-08-29,F
8155,Kitra,Rylee@tellus.net,2017-01-30,911-024-6796,1987-03-12,F
5044,Kyla,Tyler@non.us,2017-07-27,958-484-3738,1962-12-30,F
5051,Kyla,Burke@pharetra.gov,2018-02-13,645-456-4827,1990-08-08,F
5930,Kyla,Dieter@felis.org,2018-10-14,075-905-0076,1990-05-10,F
8188,Kyla,Maya@montes.org,2018-03-04,395-622-7390,1963-12-25,F
3625,Kylan Hancock,Rigel@risus.edu,2018-11-04,821-769-8203,1991-09-14,F
3384,Kylan Hayes,Nell@ornare.edu,2017-06-24,998-034-0664,1960-12-14,F
5877,Kylee,Octavius@vitae.org,2017-03-14,237-888-5064,1954-08-19,F
5856,Kylie,Mallory@nonummy.org,2018-10-31,911-299-6652,1997-03-17,F
8466,Kylie,Zoe@eget.edu,2019-01-23,660-166-4830,1951-08-21,F
3423,Kylie Hooper,Shellie@Proin.com,2017-09-13,809-903-2967,1965-12-05,F
5306,Kylynn,Shoshana@massa.us,2017-06-27,531-931-9507,1984-09-21,F
5501,Kyra,Jin@nec.us,2018-07-07,936-958-1141,1984-04-04,F
8136,Kyra,Akeem@vulputate.com,2017-12-17,944-114-1720,1993-05-15,F
3368,Kyra Hampton,Urielle@Nunc.com,2017-05-22,907-531-3069,1958-11-29,F
3358,Kyra Warren,Imani@placerat.org,2017-05-01,703-696-6032,1957-08-20,F
8489,Lacey,Helen@sapien.com,2017-11-11,879-536-3582,1954-03-01,F
3671,Lacota Baxter,Hadley@sit.us,2019-02-08,417-827-6696,1997-07-27,F
3501,Lacy Hardy,Drew@fermentum.us,2018-02-21,338-790-4083,1975-11-18,F
3603,Lael Anthony,MacKenzie@enim.org,2018-09-20,090-072-9980,1988-11-22,F
3633,Lael Harrison,Cora@Duis.edu,2018-11-21,506-376-8984,1992-09-20,F
3439,Lael Matthews,Fritz@rutrum.com,2017-10-16,457-657-7509,1967-12-21,F
5507,Lana,Virginia@ad.org,2017-12-05,870-238-0954,1971-01-28,F
8072,Lana,Sybil@vel.us,2017-10-30,549-192-0795,1973-04-12,F
8470,Lana,Aileen@posuere.edu,2017-05-30,364-419-7244,1977-06-09,F
5566,Lana,Cheyenne@vitae.edu,2017-11-17,598-415-4758,1969-12-10,F
5129,Lane,Jillian@pretium.com,2017-02-01,027-524-3589,1981-01-09,F
3741,Lane Duncan,Levi@et.org,2017-12-07,995-486-9864,1971-02-28,F
5790,Lani,Dawn@Cras.gov,2018-02-12,325-136-7169,1975-04-30,F
5773,Lani,Jocelyn@amet.us,2019-02-08,803-530-4822,1999-10-03,F
3527,Lara Aguirre,Merritt@aptent.edu,2018-04-16,035-572-4622,1979-03-14,F
5335,Lareina,Unity@magna.edu,2018-01-04,189-863-9994,1989-07-28,F
3537,Larissa Hansen,Lael@consequat.edu,2018-05-06,779-915-2360,1980-06-22,F
5600,Latifah,Nigel@justo.us,2018-02-08,576-986-4387,1975-01-17,F
3534,Latifah Becker,Helen@Integer.org,2018-04-30,649-895-8973,1980-02-03,F
3632,Latifah Myers,Xandra@interdum.net,2018-11-19,295-416-4863,1992-08-05,F
5347,Laura,Burke@laoreet.gov,2017-12-12,477-187-2394,1971-07-02,F
5410,Laurel,Daphne@mattis.gov,2017-06-20,840-940-9492,1960-09-22,F
3598,Laurel Rutledge,Porter@Pellentesque.gov,2018-09-10,045-914-3248,1988-04-03,F
3504,Laurel Washington,Tarik@felis.us,2018-02-27,690-713-8072,1976-04-06,F
5805,Lavinia,Briar@enim.org,2017-10-19,897-893-7687,1987-08-19,F
3618,Lavinia Washington,Reece@libero.com,2018-10-21,325-159-2628,1990-10-22,F
8264,Leah,Carla@litora.gov,2018-01-29,504-730-4376,1988-12-01,F
3517,Leah Malone,Rachel@nibh.us,2018-03-26,141-532-5963,1977-12-03,F
8384,Leandra,Chanda@rhoncus.edu,2018-02-28,822-185-3791,1991-09-27,F
3641,Leandra Townsend,Abigail@sem.gov,2018-12-08,482-357-0499,1993-09-28,F
5178,Lee,Anastasia@ornare.com,2017-12-15,612-033-0076,1989-02-01,F
5315,Lee,Quin@habitant.edu,2017-06-13,344-283-6053,1984-05-11,F
3429,Lee Barrett,Jonas@quam.com,2017-09-25,415-261-1740,1966-09-11,F
5146,Leigh,Tatiana@Class.us,2018-10-17,196-047-1993,1996-11-04,F
5810,Leigh,Christopher@tempor.edu,2019-01-30,476-451-8097,1997-01-06,F
5198,Leigh,Caldwell@quis.org,2018-08-17,708-792-1233,1986-10-23,F
8314,Leigh,Nolan@Vivamus.edu,2017-08-23,590-249-7835,2000-03-25,F
5520,Leigh,Marsden@nec.org,2019-02-22,654-700-3104,1998-06-08,F
3372,Leigh William,Adena@morbi.org,2017-05-30,394-161-1669,1959-06-04,F
5720,Leila,Wynter@tristique.us,2018-05-29,595-609-6394,1981-11-06,F
8408,Leila,Drake@placerat.gov,2018-01-11,894-257-7766,1967-09-04,F
5062,Leila,Destiny@Cras.net,2018-03-12,893-303-6522,1977-01-11,F
8496,Leilani,Skyler@inceptos.gov,2017-12-18,643-243-9536,1977-09-09,F
8002,Lenore,Ezekiel@adipiscing.edu,2017-10-22,265-711-7791,1995-09-02,F
5206,Lesley,Thomas@ipsum.org,2018-04-17,790-752-6806,1979-04-19,F
3319,Lesley Benson,Laura@eleifend.net,2017-02-10,685-365-3310,1952-08-29,F
3627,Lesley Wells,Tarik@senectus.gov,2018-11-09,279-763-4837,1991-12-16,F
8144,Leslie,Charissa@Integer.us,2018-02-27,182-572-1544,1975-09-08,F
5317,Leslie,Libby@non.com,2017-01-13,759-809-5785,1980-07-16,F
5767,Leslie,Isadora@sed.org,2017-05-01,564-807-3791,1957-08-10,F
3338,Leslie Acevedo,Yuli@Curae.us,2017-03-21,396-952-2432,1955-01-31,F
8402,Libby,Jakeem@pellentesque.net,2018-12-11,739-783-9075,1999-08-21,F
3686,Libby Rowe,Gwendolyn@Curae.us,2019-03-11,987-647-9321,1999-06-26,F
5659,Liberty,Megan@lacinia.com,2018-09-30,932-779-4267,1989-07-03,F
5869,Liberty,Oleg@facilisis.net,2019-01-14,208-015-6410,1996-01-10,F
5576,Lila,Chastity@torquent.org,2018-10-04,912-577-9456,1989-10-15,F
8080,Lila,Dacey@primis.gov,2018-09-05,254-332-8882,1979-10-29,F
8441,Lilah,Fatima@gravida.edu,2018-02-28,572-012-4906,1955-12-11,F
5321,Lillian,Leslie@commodo.edu,2018-12-22,459-781-8093,1994-08-10,F
8404,Lillith,Merrill@In.net,2018-12-08,376-381-9382,1967-10-30,F
3321,Lillith Lucas,Ulric@varius.com,2017-02-14,365-702-7433,1952-11-30,F
8500,Linda,Dillon@pretium.gov,2017-08-21,255-202-7435,1990-03-01,F
3536,Linda Barlow,Pamela@mattis.us,2018-05-04,850-847-5175,1980-05-06,F
3468,Linda Perry,Sonia@Phasellus.net,2017-12-15,610-973-3590,1971-09-02,F
5414,Lois,Chester@ullamcorper.edu,2018-06-09,731-604-3630,1982-07-23,F
5409,Lucy,Caldwell@dapibus.edu,2017-09-11,468-699-7745,1965-10-30,F
5483,Lucy,Jenette@per.com,2018-01-01,877-410-1368,1989-07-06,F
3350,Lucy Kennedy,Kalia@laoreet.com,2017-04-15,431-927-6847,1956-08-13,F
8174,Lunea,Beck@taciti.net,2017-11-03,763-780-6404,1957-05-12,F
8001,Lunea,Barry@volutpat.us,2017-02-06,833-602-3329,1998-01-08,F
3450,Lynn Vance,Derek@Pellentesque.gov,2017-11-08,253-055-7804,1969-05-17,F
3696,Lysandra Maxwell,Conan@congue.org,2019-03-31,824-243-8808,2000-10-04,F
5598,MacKenzie,Zelda@mus.edu,2017-11-22,708-588-3760,1988-06-24,F
3670,MacKenzie Duran,Jelani@hendrerit.gov,2019-02-05,133-209-5837,1997-06-11,F
3459,Macey Washington,Wallace@Vestibulum.com,2017-11-26,475-604-1902,1970-07-10,F
8363,Madaline,Abbot@posuere.org,2019-03-30,000-568-0551,1973-06-05,F
5328,Madeline,Charde@dictum.org,2018-02-11,966-489-3284,1990-07-17,F
5325,Madeson,Adena@sagittis.gov,2018-07-18,039-136-9553,1994-07-17,F
5027,Madison,Brody@consectetuer.us,2018-08-19,796-376-4760,1986-12-14,F
5182,Madison,Felicia@magnis.edu,2018-11-15,291-404-7299,1992-05-04,F
8463,Madison,Azalia@Nullam.net,2018-04-09,564-519-9640,1981-04-22,F
3626,Madonna Buckley,Ayanna@Quisque.org,2018-11-07,196-200-3938,1991-10-30,F
5695,Maggie,Gannon@dictum.net,2019-03-12,228-516-4628,1999-07-27,F
8172,Maggie,Emerald@pulvinar.gov,2018-11-24,995-525-3370,1966-12-09,F
5900,Maggie,Pamela@morbi.edu,2019-04-04,962-120-9663,2000-12-26,F
3532,Maggie Emerson,Ferdinand@posuere.gov,2018-04-26,601-073-7567,1979-11-02,F
3624,Maggie Whitaker,Benjamin@tempor.com,2018-11-02,853-730-9705,1991-07-29,F
5931,Maggy,Alfreda@nulla.us,2017-12-30,535-247-3161,1989-06-14,F
8393,Maggy,Quail@tellus.edu,2017-07-18,459-404-1527,1989-02-12,F
5404,Maia,Hayes@Maecenas.com,2017-03-18,429-187-6111,1954-11-30,F
5070,Mallory,Sophia@nibh.edu,2018-05-22,755-892-4349,1981-06-04,F
3679,Mallory Kramer,Theodore@odio.net,2019-02-24,619-988-6223,1998-08-04,F
3521,Mara Davenport,Keiko@nec.com,2018-04-03,607-028-4620,1978-06-07,F
5492,Marah,Yoshio@senectus.net,2018-09-11,323-489-1064,1988-05-15,F
5471,Marah,Jada@mollis.gov,2017-08-25,130-507-0108,1986-03-28,F
3436,Marah Gomez,Kareem@arcu.net,2017-10-10,305-370-8416,1967-08-03,F
5742,Marcia,Cleo@commodo.org,2017-07-13,901-450-3862,1962-02-22,F
5575,Marcia,Reese@Proin.edu,2017-01-13,345-716-2749,1950-12-11,F
5193,Margaret,Cain@dolor.gov,2018-01-06,203-432-9720,1973-01-22,F
3594,Mari Hahn,Susan@tempus.us,2018-09-01,265-499-0943,1987-09-30,F
5384,Mariam,Raymond@Maecenas.com,2018-11-06,116-959-5306,1991-10-09,F
5624,Mariam,Clayton@aliquam.org,2017-04-22,820-025-4564,1957-01-15,F
3678,Mariam Foley,Dustin@dis.edu,2019-02-22,514-256-5105,1998-06-18,F
5692,Mariko,Dorian@tincidunt.edu,2017-05-22,558-738-3566,1958-11-19,F
3498,Mariko Noble,Henry@Curae.com,2018-02-15,909-089-1850,1975-07-01,F
5772,Maris,Rebecca@ipsum.org,2017-11-10,699-534-2817,1969-07-07,F
5185,Maris,Tamekah@sagittis.edu,2019-03-28,993-087-6709,2000-07-24,F
3404,Maris Williams,Jasper@lacinia.org,2017-08-05,280-484-7631,1963-07-04,F
8123,Marny,Rajah@laoreet.net,2018-06-08,903-549-1561,1972-11-04,F
5524,Marny,Piper@at.us,2018-05-26,703-711-4985,1981-09-15,F
5699,Marny,Ezekiel@nascetur.us,2017-12-28,690-474-3114,1972-06-29,F
5264,Marny,Stella@diam.com,2017-01-15,457-757-6039,1951-02-01,F
8416,Marny,India@molestie.edu,2018-01-20,072-348-4142,1989-04-03,F
5639,Marny,Lee@venenatis.us,2019-03-07,179-114-8515,1999-04-15,F
5059,Martena,Latifah@purus.com,2019-02-28,483-038-6849,1998-11-10,F
3413,Martena Gay,Nicholas@scelerisque.net,2017-08-23,609-427-2295,1964-08-26,F
5482,Martha,Walter@In.com,2018-10-18,460-939-3610,1990-08-21,F
8169,Martha,Berk@facilisis.net,2017-08-07,417-888-6107,1980-06-22,F
5417,Martina,Gage@vitae.net,2018-05-13,818-976-4720,1980-11-09,F
8158,Martina,Ashton@pede.net,2018-09-30,849-960-3026,1987-11-25,F
3365,Mary Swanson,Ivory@eu.edu,2017-05-16,783-305-5442,1958-07-13,F
5448,Mason,Jamalia@elementum.gov,2018-09-11,635-551-8798,1995-12-08,F
3760,Mason Price,Gail@ante.gov,2018-05-13,286-675-0863,1980-11-09,F
5637,Maxine,Felix@laoreet.edu,2018-12-10,721-503-0752,1993-11-24,F
5365,Maxine,Raymond@a.gov,2018-04-15,730-929-0278,1979-02-26,F
3668,May Lambert,Francis@hendrerit.com,2019-02-01,933-562-9576,1997-03-09,F
8370,Maya,Lesley@cursus.com,2018-09-10,178-883-2525,1969-08-27,F
5667,Maya,Nigel@In.com,2017-04-28,165-876-9775,1983-03-17,F
3445,Maya Moreno,Owen@rutrum.org,2017-10-28,064-641-8434,1968-09-26,F
8025,McKenzie,Britanni@nibh.org,2017-04-02,096-107-2216,1979-01-31,F
3414,McKenzie Burnett,Chelsea@feugiat.org,2017-08-25,079-853-7022,1964-10-12,F
5459,Medge,Ariel@dapibus.com,2017-07-23,666-129-8565,1962-09-17,F
5937,Medge,Julian@sollicitudin.edu,2017-11-24,743-441-9073,1970-05-14,F
8468,Medge,Stephanie@cubilia.edu,2018-11-09,679-151-4271,1972-09-09,F
5708,Megan,Rose@fermentum.net,2019-03-09,449-499-8189,2000-06-25,F
5605,Megan,Adam@Praesent.gov,2018-07-16,556-598-7750,1994-06-25,F
5088,Megan,Charles@mollis.org,2018-04-22,009-027-9803,1979-08-01,F
3379,Megan Adams,Aquila@ridiculus.net,2017-06-14,188-409-0349,1960-04-25,F
5864,Meghan,Emerald@Fusce.gov,2017-01-08,233-538-8509,1950-08-30,F
5091,Meghan,Slade@In.org,2017-01-11,687-174-8230,1980-06-24,F
8062,Meghan,Amos@Curabitur.com,2017-12-27,376-533-6948,1963-05-12,F
8222,Meghan,Lavinia@Donec.gov,2018-12-07,348-275-0249,1952-09-17,F
3433,Meghan Willis,Acton@Proin.edu,2017-10-03,727-578-9631,1967-03-16,F
5370,Melanie,Brandon@porta.net,2017-12-01,122-968-5899,1988-09-21,F
5577,Melinda,Zane@rhoncus.com,2017-06-22,646-101-3078,1984-08-07,F
8377,Melinda,Thaddeus@non.edu,2017-03-29,420-482-3469,1997-02-06,F
3611,Melinda Thompson,Jordan@volutpat.org,2018-10-06,642-160-2662,1989-11-30,F
3558,Melissa Johnson,Luke@eget.net,2018-06-19,816-924-9433,1983-02-25,F
5004,Melodie,Regan@suscipit.us,2018-06-14,929-861-6870,1982-11-03,F
3311,Melodie Dawson,Stacey@nostra.us,2017-01-24,694-557-8383,1951-08-22,F
3559,Melodie Moses,Uriel@ad.com,2018-06-21,492-394-5203,1983-04-13,F
8423,Melyssa,Rigel@pretium.edu,2017-08-30,719-279-7585,1997-08-15,F
5383,Melyssa,Adam@Mauris.com,2018-07-11,089-172-5548,1994-05-12,F
3313,Melyssa Jones,Delilah@Duis.edu,2017-01-28,023-851-0936,1951-11-23,F
5682,Mercedes,Igor@viverra.gov,2018-12-31,840-088-8571,1995-03-05,F
5268,Mercedes,Anika@cursus.org,2019-01-25,859-783-2584,1996-09-25,F
5390,Meredith,Zelenia@Pellentesque.net,2018-08-10,056-731-7100,1986-05-21,F
5505,Meredith,Noble@vestibulum.gov,2019-01-16,677-330-7796,1996-03-02,F
8077,Meredith,Brent@imperdiet.edu,2017-03-06,998-214-9487,1974-01-13,F
3552,Meredith Carrillo,Ulric@est.org,2018-06-07,015-818-4557,1982-05-22,F
3620,Meredith Sanford,Mason@pulvinar.us,2018-10-25,896-334-4229,1991-01-24,F
5696,Mia,Rae@eget.net,2017-12-13,552-336-1347,1989-01-10,F
5683,Mia,Rigel@suscipit.edu,2017-09-06,417-053-9146,1986-07-17,F
5499,Mia,Kimberly@Nullam.gov,2018-09-21,587-128-3073,1988-12-08,F
5377,Mia,Colt@malesuada.com,2017-02-12,517-794-1522,1952-10-15,F
3508,Mia Hinton,Damon@Class.us,2018-03-08,112-201-0089,1976-10-09,F
3599,Mia Ingram,Claire@dis.edu,2018-09-12,956-795-0328,1988-05-20,F
3550,Mia Jensen,Ira@ante.com,2018-06-02,631-803-0191,1982-02-18,F
5609,Mikayla,Malcolm@adipiscing.com,2017-11-15,848-424-4354,1969-10-19,F
5523,Mikayla,Jenna@Etiam.net,2019-01-22,974-727-4054,1999-05-01,F
8438,Mikayla,Pearl@Proin.net,2017-02-13,450-581-6624,1984-08-27,F
3499,Mikayla Acevedo,Kylie@nunc.net,2018-02-17,056-353-0091,1975-08-17,F
3458,Mikayla Lambert,Guy@natoque.gov,2017-11-24,501-173-8812,1970-05-24,F
5455,Minerva,Brynne@tortor.gov,2018-07-21,233-887-7930,1985-02-09,F
3631,Minerva Donaldson,Zena@viverra.org,2018-11-17,940-465-6124,1992-06-19,F
5597,Mira,Forrest@orci.us,2018-10-30,212-766-3839,1991-05-07,F
3512,Miranda Haynes,Aladdin@mus.us,2018-03-16,369-858-8836,1977-04-14,F
5945,Miriam,Katell@erat.us,2018-01-02,951-058-2821,1972-10-10,F
5074,Miriam,Vaughan@facilisis.net,2018-02-19,416-488-1852,1975-10-03,F
3505,Miriam Cardenas,Carl@convallis.com,2018-03-01,733-899-4309,1976-05-23,F
5910,Moana,Quin@venenatis.us,2018-09-04,743-091-9152,1995-10-03,F
5397,Moana,Evan@aptent.us,2017-09-25,267-101-3618,1987-01-10,F
8501,Moana,Herrod@ultrices.gov,2018-07-06,241-906-4009,1966-08-27,F
5647,Moana,Kennan@penatibus.org,2017-01-09,565-459-9180,1980-06-02,F
8396,Mollie,Daniel@in.edu,2018-12-31,781-825-4590,1969-08-13,F
5089,Mollie,Felicia@dolor.us,2017-08-19,824-848-2525,1964-05-30,F
5830,Mollie,Palmer@venenatis.gov,2018-09-14,578-833-2021,1988-07-06,F
5121,Mollie,Chester@Maecenas.org,2018-11-10,175-829-3649,1992-01-21,F
5360,Molly,Amos@malesuada.net,2017-12-26,738-611-7657,1972-05-08,F
3464,Molly Cook,Tobias@lobortis.com,2017-12-07,227-333-8634,1971-02-28,F
3513,Molly Wall,Silas@aptent.com,2018-03-18,576-517-9536,1977-05-30,F
3643,Mona Hess,MacKensie@venenatis.net,2018-12-12,063-456-6250,1993-12-30,F
8090,Montana,Sharon@montes.com,2017-04-05,228-546-1327,1956-12-20,F
3543,Montana Haley,Mason@dictum.us,2018-05-19,795-769-9903,1981-03-28,F
5177,Morgan,Barrett@tristique.gov,2018-09-23,998-712-9101,1989-01-29,F
5697,Morgan,Ezekiel@sollicitudin.edu,2017-06-27,019-883-3253,1961-02-24,F
5454,Mufutau,Amir@amet.org,2019-02-22,061-190-8354,2000-02-13,F
5341,Murphy,Ivory@pharetra.edu,2018-12-03,780-739-3789,1998-01-21,F
3724,Murphy Lloyd,Mari@dis.com,2017-07-19,788-479-9082,1962-06-26,F
3615,Myra Atkins,Jasper@Nullam.org,2018-10-15,743-995-3305,1990-06-05,F
3411,Myra Donovan,Rudyard@scelerisque.org,2017-08-19,049-029-2163,1964-05-25,F
5032,Nadine,Holmes@turpis.com,2018-03-23,604-161-8203,1977-09-26,F
8324,Naida,Amber@Pellentesque.gov,2019-01-29,724-363-0932,1967-01-12,F
3591,Naida Maddox,Lydia@Donec.gov,2018-08-26,562-112-3270,1987-05-13,F
5814,Naomi,Tatyana@quam.us,2017-03-26,128-870-9453,1982-05-11,F
8422,Naomi,Uta@nostra.edu,2018-10-30,213-061-5250,1996-07-12,F
8219,Natalie,Carlos@nonummy.us,2018-10-01,085-129-8748,1957-03-11,F
8247,Natalie,Irene@volutpat.gov,2018-02-23,322-761-0794,1954-10-17,F
3636,Natalie Harris,Zeph@in.us,2018-11-27,399-870-1581,1993-02-07,F
5212,Nayda,Peter@tempus.us,2018-01-13,661-065-1100,1973-06-26,F
8060,Nell,Kaseem@fames.org,2017-01-14,439-432-8011,1994-04-21,F
5196,Nelle,Chaney@nostra.org,2017-04-09,312-047-9832,1982-09-21,F
3432,Nelle Floyd,Alfreda@conubia.edu,2017-10-01,811-322-5713,1967-01-29,F
5403,Nerea,Brenna@nonummy.com,2017-01-06,021-478-1160,1980-05-11,F
5811,Nerea,Shelley@viverra.us,2018-03-11,882-389-4401,1991-04-09,F
8205,Nevada,Cooper@imperdiet.org,2017-08-16,752-347-6802,2000-04-06,F
3371,Nevada Ewing,Gregory@nascetur.us,2017-05-28,674-715-8042,1959-04-18,F
3359,Nevada Langley,Hanna@magna.net,2017-05-03,291-731-7772,1957-10-06,F
8063,Neve,Clarke@egestas.org,2017-01-31,206-883-8196,1956-01-05,F
3623,Neve Hoffman,Eric@eros.edu,2018-10-31,255-107-2193,1991-06-12,F
5664,Nichole,Dana@condimentum.edu,2018-02-17,912-270-6218,1975-08-12,F
5439,Nichole,Oren@elit.us,2017-05-15,636-328-1654,1958-06-17,F
3421,Nichole Medina,Carolyn@viverra.org,2017-09-09,754-028-1277,1965-09-03,F
5331,Nicole,Adele@varius.us,2018-03-16,552-890-1935,1977-04-24,F
5674,Nina,Eliana@Morbi.net,2019-03-23,975-364-5579,2000-11-05,F
3415,Nina Adkins,Kato@cursus.us,2017-08-27,768-960-1547,1964-11-28,F
5145,Nita,Idona@varius.com,2018-09-09,014-260-7499,1988-03-24,F
8368,Nita,Ingrid@consequat.gov,2017-11-03,473-429-7696,1987-11-23,F
3334,Nita Golden,Brynn@hendrerit.org,2017-03-13,719-055-8234,1954-07-29,F
5326,Noble,Chloe@erat.gov,2017-09-28,274-565-2299,1987-02-01,F
5149,Noel,Zephr@conubia.edu,2017-06-14,636-542-1783,1960-04-20,F
5008,Noelle,Jane@conubia.net,2017-10-16,401-934-3274,1967-12-16,F
3367,Noelle Salazar,Winifred@mauris.com,2017-05-20,531-429-1760,1958-10-14,F
3542,Noelle Winters,Hakeem@eu.edu,2018-05-17,565-859-8943,1981-02-10,F
5033,Nola,Ria@condimentum.com,2018-02-10,523-304-4054,1975-03-09,F
8087,Nola,Jelani@sodales.edu,2018-10-21,423-955-2452,1961-09-03,F
5338,Nola,Barbara@tellus.net,2017-08-03,824-985-1246,1963-06-03,F
5829,Nomlanga,Elizabeth@auctor.gov,2017-03-11,185-798-7489,1954-06-28,F
5231,Nyssa,Brandon@velit.org,2018-06-17,199-180-8519,1993-10-02,F
8307,Nyssa,Quentin@nibh.gov,2019-01-30,745-688-1429,1951-02-18,F
5465,Octavia,Riley@mauris.com,2018-12-12,473-992-9359,1994-01-15,F
5843,Octavia,Reed@Aenean.net,2017-10-17,030-911-6405,1987-07-28,F
8440,Odessa,Natalie@bibendum.com,2018-02-07,711-950-6335,1957-07-21,F
5098,Odessa,Deanna@lacinia.org,2018-10-21,309-117-4600,1990-10-12,F
5065,Odessa,Noel@quis.us,2017-09-04,155-036-1690,1965-05-28,F
5486,Odette,Walter@turpis.edu,2019-03-13,088-253-9033,2000-08-08,F
3647,Olivia Kidd,Adria@Integer.edu,2018-12-20,896-935-3477,1994-07-05,F
8379,Olympia,Jayme@ultricies.edu,2018-05-09,239-889-4164,1991-10-09,F
3400,Olympia Burns,Moses@Cras.edu,2017-07-27,529-505-2729,1962-12-30,F
8066,Oprah,Buffy@montes.net,2017-06-02,079-770-3747,1991-09-29,F
8473,Oprah,Jonas@nibh.org,2017-05-08,360-223-4566,1970-01-07,F
5186,Oprah,Chadwick@purus.gov,2018-06-25,690-541-9643,1983-07-20,F
3455,Oprah Sears,Orson@parturient.net,2017-11-18,986-092-3846,1970-01-05,F
3420,Oprah Witt,Roary@Phasellus.edu,2017-09-07,492-079-1187,1965-07-19,F
5757,Ora,Angelica@pede.net,2017-12-10,030-066-2518,1971-05-11,F
3547,Ora Shields,Otto@sem.com,2018-05-27,447-380-8212,1981-10-01,F
5210,Ori,Colt@Proin.org,2018-06-05,178-588-4005,1993-06-14,F
5068,Ori,Fallon@aptent.com,2017-08-10,859-086-4788,1963-11-05,F
8381,Ori,Rhea@Lorem.edu,2019-03-25,815-601-5606,1993-02-22,F
8150,Orla,Phyllis@dignissim.gov,2017-10-03,019-089-8934,1986-09-04,F
8052,Orla,Lester@molestie.org,2018-01-07,857-993-3652,1996-09-11,F
5426,Orli,Ramona@eleifend.org,2019-03-30,667-864-8623,2000-09-13,F
5067,Paki,Deirdre@conubia.net,2017-01-28,697-157-0647,1980-11-26,F
5126,Paloma,Samson@id.net,2017-05-10,629-257-4633,1958-03-05,F
3467,Paloma Weeks,Rhoda@metus.com,2017-12-13,219-582-1897,1971-07-18,F
3325,Pamela Hays,Wilma@lorem.net,2017-02-22,160-794-1256,1953-06-05,F
5588,Pandora,Zelda@varius.com,2019-02-24,892-428-3185,1998-07-30,F
5791,Pascale,Alec@ridiculus.org,2017-06-11,597-534-2381,1960-02-28,F
3529,Pascale Velez,Talon@luctus.edu,2018-04-20,633-332-7412,1979-06-15,F
3564,Pascale Wolf,Carter@magnis.org,2018-07-01,477-092-6304,1983-12-02,F
5305,Patience,Idona@lacus.us,2017-02-10,070-233-0225,1952-08-24,F
8300,Patience,Ian@dapibus.us,2019-04-07,239-936-2721,1986-07-25,F
5795,Patricia,Tyrone@facilisis.org,2018-03-02,475-324-7907,1976-06-17,F
5589,Paula,Ingrid@nostra.net,2017-04-15,830-360-5082,1956-08-13,F
8369,Paula,Quamar@tempor.org,2018-05-22,111-321-3570,1989-10-21,F
3638,Paula Cummings,Lucas@conubia.com,2018-12-01,238-092-8457,1993-05-11,F
5263,Pearl,Eugenia@nunc.edu,2017-08-12,847-174-8354,1963-12-27,F
8434,Penelope,Autumn@penatibus.gov,2017-12-25,447-258-9631,1974-01-13,F
3353,Penelope Ochoa,Carolyn@lectus.net,2017-04-21,330-949-9264,1956-12-30,F
5938,Petra,Imelda@morbi.org,2018-10-05,676-415-9360,1996-07-17,F
8327,Phyllis,Emerald@hendrerit.edu,2019-01-16,289-743-5002,1987-12-16,F
3699,Phyllis Fernandez,Vernon@facilisi.net,2019-04-06,883-136-4327,2001-02-21,F
5751,Portia,Lacey@Aliquam.net,2018-01-25,196-238-4246,1990-02-12,F
5405,Portia,Shelley@fermentum.com,2017-10-27,286-367-4187,1968-08-31,F
3664,Portia Acevedo,Karly@risus.org,2019-01-24,410-846-1380,1996-09-04,F
8349,Priscilla,Kay@Fusce.net,2019-01-13,001-515-6746,2000-12-31,F
8485,Priscilla,Kelsie@mus.edu,2018-04-16,514-823-4272,1960-09-06,F
3424,Priscilla Madden,Stacy@cursus.us,2017-09-15,649-526-6768,1966-01-21,F
3568,Quin Gray,Vladimir@massa.com,2018-07-10,741-255-7749,1984-06-05,F
5340,Quinn,Basia@rhoncus.net,2018-05-27,752-271-5902,1993-03-17,F
3614,Quinn Conrad,Ima@rutrum.gov,2018-10-13,755-773-9794,1990-04-19,F
5915,Quintessa,Gareth@Lorem.edu,2019-02-26,946-241-2958,1998-09-20,F
8089,Quintessa,Evangeline@auctor.org,2018-03-27,069-650-9221,2000-04-07,F
5015,Quintessa,Duncan@natoque.gov,2017-09-23,552-162-8123,1966-07-16,F
3307,Quintessa Franklin,Audrey@mattis.net,2017-01-16,977-781-3835,1951-02-17,F
3560,Quyn Langley,Shelly@Nulla.gov,2018-06-23,018-458-8775,1983-05-30,F
5496,Quynn,Lucian@sodales.us,2018-08-29,857-304-8004,1987-07-09,F
8409,Rachel,Lunea@lacus.net,2017-05-08,800-958-7428,1990-05-31,F
5904,Rae,Jamal@aliquam.edu,2019-02-17,912-779-2091,1998-02-24,F
8497,Rae,Kylie@facilisi.org,2017-01-06,081-440-6679,1977-12-10,F
8339,Raja,Scott@scelerisque.gov,2018-04-11,476-894-1098,1990-07-14,F
5779,Rama,Vance@mus.us,2018-05-17,696-452-4467,1992-12-19,F
5351,Ramona,Hadassah@hymenaeos.org,2018-09-28,561-086-4984,1989-05-12,F
5133,Rana,Wang@inceptos.org,2017-05-05,624-062-5544,1983-05-23,F
8152,Raven,Freya@rutrum.net,2017-10-18,671-325-3231,1972-01-28,F
8154,Raven,Wanda@felis.us,2018-10-18,408-066-2787,1992-07-12,F
8153,Raya,Jelani@laoreet.net,2017-12-09,234-573-9226,1964-11-21,F
3303,Raya Hampton,Martina@malesuada.com,2017-01-08,478-762-8984,1950-08-14,F
3548,Raya Sanders,Carla@hymenaeos.edu,2018-05-29,878-481-9768,1981-11-16,F
8449,Reagan,Yoshio@nonummy.edu,2017-11-02,573-339-9244,1992-06-28,F
5053,Reagan,Illana@bibendum.edu,2019-01-04,175-540-6733,1995-06-17,F
3520,Reagan Mason,Cassidy@quam.edu,2018-04-01,733-621-2211,1978-04-22,F
3317,Reagan Roberts,Echo@Integer.edu,2017-02-06,324-062-4567,1952-05-28,F
5189,Rebekah,Judith@netus.org,2017-08-26,732-980-7720,1964-11-02,F
5882,Rebekah,Garth@pede.org,2018-08-30,007-171-9340,1995-08-20,F
8248,Regan,Clementine@volutpat.org,2017-11-23,844-557-5661,1993-07-08,F
5789,Regan,Daniel@sodales.org,2019-03-28,959-167-3613,2000-12-19,F
5813,Regina,Meghan@eget.com,2017-01-30,853-787-0710,1980-12-18,F
5634,Regina,Thaddeus@tincidunt.us,2018-04-29,023-540-6301,1980-01-03,F
8175,Regina,Rafael@Praesent.edu,2018-12-22,307-836-7958,1965-02-17,F
5809,Remedios,Chelsea@vitae.edu,2017-08-22,883-827-8431,1964-07-21,F
8085,Rhea,Rajah@Cras.net,2017-07-13,729-798-6328,1990-04-24,F
3401,Rhea Wall,Yardley@velit.edu,2017-07-29,712-350-1572,1963-02-14,F
5885,Rhiannon,Desiree@dictum.org,2017-11-03,618-051-7934,1987-12-30,F
8337,Rhoda,Adena@elit.gov,2018-09-17,923-649-7275,1976-07-06,F
5469,Rhoda,Silas@purus.org,2017-03-16,481-496-9585,1954-10-09,F
8249,Rhoda,Eaton@dapibus.net,2019-02-25,790-495-4519,1957-11-15,F
8336,Rhonda,Amal@lectus.gov,2017-11-26,836-705-0650,1991-01-28,F
5419,Rhonda,Roary@erat.com,2018-05-10,997-180-7732,1980-09-18,F
5713,Rhonda,Burton@consequat.edu,2018-05-04,293-851-4786,1980-04-15,F
8095,Rhonda,Laith@Suspendisse.us,2017-11-24,320-424-9695,1977-11-14,F
3355,Rhonda Clayton,Deirdre@condimentum.com,2017-04-25,547-516-4725,1957-04-03,F
3398,Rhonda Hendrix,Whilemina@Integer.us,2017-07-23,832-989-7707,1962-09-27,F
3545,Rhonda Mcguire,Garth@placerat.com,2018-05-23,294-150-5257,1981-06-30,F
3495,Rhonda Sears,Abra@ridiculus.org,2018-02-09,455-880-2967,1975-02-12,F
5905,Riley,Courtney@fames.net,2017-05-17,496-204-2049,1958-08-07,F
5689,Rina,Brody@elementum.com,2017-02-16,191-170-2564,1953-01-26,F
5603,Rina,Ifeoma@Lorem.us,2018-08-03,450-456-3306,1985-12-17,F
3577,Rina Harrell,Anjolie@Aliquam.com,2018-07-28,051-902-7649,1985-07-30,F
8281,Rinah,Fitzgerald@per.net,2018-11-18,725-632-9678,1953-09-30,F
8221,Rinah,Barbara@auctor.gov,2017-08-23,667-957-7337,1983-06-13,F
8021,Risa,Talon@massa.gov,2017-07-11,331-522-5409,1972-09-26,F
5434,Roanna,Cruz@Morbi.gov,2019-01-20,685-266-4060,1999-04-09,F
3674,Roanna Guzman,Lars@turpis.org,2019-02-14,982-661-3991,1997-12-14,F
5050,Roary,Hyatt@senectus.com,2018-06-30,639-964-1848,1983-11-01,F
8173,Roary,Joy@eget.org,2018-09-17,835-276-2179,2000-04-02,F
3693,Roary Hardy,Reese@lobortis.com,2019-03-25,328-054-7349,2000-05-17,F
8206,Rosalyn,Leila@pulvinar.org,2018-02-06,488-122-1222,1986-10-12,F
3685,Rosalyn Melendez,Tanya@taciti.com,2019-03-08,799-510-5352,1999-05-11,F
5591,Rose,Vera@iaculis.com,2017-04-26,754-598-8314,1957-04-28,F
3363,Rowan Woods,Stone@Proin.edu,2017-05-12,769-603-7732,1958-04-10,F
8405,Ruby,Mari@per.org,2018-01-04,785-775-1527,1969-11-29,F
8216,Ruby,Lars@nisl.org,2019-02-26,342-547-1648,1999-08-19,F
5494,Ruby,Hashim@blandit.org,2018-11-29,684-194-0741,1993-03-10,F
5763,Ruby,Uriel@cubilia.net,2017-02-21,525-493-1337,1981-07-05,F
5316,Ruth,Joel@Praesent.net,2017-04-10,064-678-7794,1956-05-01,F
5105,Ruth,Ulric@montes.us,2018-08-08,150-309-3549,1986-03-30,F
5137,Ruth,Yoko@primis.gov,2017-06-23,229-461-5730,1960-11-13,F
3649,Rylee Anthony,Nigel@fermentum.org,2018-12-24,351-816-7450,1994-10-06,F
3302,Sacha Wall,Yvette@erat.org,2017-01-06,433-102-9277,1950-06-29,F
5003,Sade,Medge@sagittis.com,2018-02-20,651-557-0819,1990-10-14,F
5651,Sade,Flavia@imperdiet.gov,2017-09-07,768-510-9375,1965-07-19,F
5746,Sage,Lysandra@fames.gov,2017-07-25,954-699-0316,1985-06-13,F
3528,Sage Ferrell,Jarrod@Curae.edu,2018-04-18,447-124-2920,1979-04-29,F
3422,Samantha Berry,Laith@justo.net,2017-09-11,016-215-0941,1965-10-20,F
3332,Samantha Riddle,Alvin@purus.net,2017-03-09,114-078-3425,1954-04-27,F
8354,Sandra,Camille@Lorem.us,2017-03-30,819-168-4613,1960-06-15,F
5040,Sandra,George@pede.com,2018-06-29,801-855-1031,1994-01-21,F
8225,Sandra,Murphy@nascetur.com,2018-06-27,401-904-5163,1975-11-27,F
3326,Sandra Andrews,Shaeleigh@mauris.net,2017-02-24,671-876-8210,1953-07-21,F
3448,Sandra Ball,Nicholas@est.com,2017-11-03,338-879-0611,1969-02-12,F
3596,Sandra Ratliff,Bernard@fringilla.net,2018-09-05,193-960-9032,1988-01-01,F
5042,Sara,Carson@varius.net,2017-09-14,005-902-1147,1986-09-21,F
5804,Sarah,Emily@Aenean.us,2017-02-03,065-857-2937,1952-03-21,F
3362,Sarah Smith,Petra@et.us,2017-05-10,430-390-1811,1958-02-23,F
8383,Sasha,Maisie@Duis.net,2018-02-04,033-413-4843,1986-04-14,F
8273,Sasha,Blaze@auctor.org,2017-12-12,038-201-0426,1974-03-01,F
5195,Sasha,Armando@conubia.org,2018-05-17,297-315-1892,1981-02-20,F
8194,Savannah,Keith@senectus.us,2017-04-16,678-488-3788,1970-06-02,F
5722,Savannah,Sylvester@varius.org,2017-03-23,187-828-4854,1955-03-14,F
3514,Savannah Bass,Quintessa@lorem.us,2018-03-20,420-022-7159,1977-07-16,F
3425,Savannah Bean,Gemma@sapien.us,2017-09-17,225-169-1316,1966-03-09,F
3621,Savannah Bennett,Chase@sed.com,2018-10-27,140-433-4547,1991-03-11,F
3659,Savannah Garza,Brennan@tristique.edu,2019-01-14,070-445-2715,1996-01-15,F
5021,Scarlet,Kyle@ut.gov,2018-03-05,373-456-7536,1976-08-08,F
8317,Scarlet,Glenna@eleifend.net,2018-12-24,213-101-2389,1999-12-09,F
3444,Scarlet Gill,Kimberley@ac.edu,2017-10-26,264-141-9025,1968-08-10,F
5318,Scarlett,Cleo@ante.net,2018-01-27,987-998-0467,1990-03-06,F
5802,Selma,Veda@Ut.org,2017-05-27,191-700-8217,1983-12-08,F
3557,Selma Blackburn,Rebekah@dictum.us,2018-06-17,310-298-0777,1983-01-10,F
3541,Selma Carpenter,Merrill@porta.com,2018-05-15,114-001-5060,1980-12-25,F
8321,September,Ronan@ac.gov,2017-04-16,235-379-5219,1980-03-17,F
5493,September,Mallory@Vivamus.org,2017-10-20,617-082-5050,1968-03-28,F
3428,September Buckner,Ezra@consectetuer.org,2017-09-23,832-816-2799,1966-07-26,F
3572,September Morgan,Mark@at.com,2018-07-18,592-027-9254,1984-12-09,F
3637,September Shepherd,Sage@venenatis.com,2018-11-29,052-293-7156,1993-03-26,F
8371,Serena,Gillian@taciti.us,2017-07-03,998-534-0478,1962-04-26,F
3392,Serena Kane,Raja@accumsan.net,2017-07-11,682-247-2781,1961-12-22,F
5817,Serina,Stewart@pulvinar.org,2017-06-09,010-126-3155,1960-01-07,F
8481,Shafira,Zelenia@semper.net,2019-03-22,324-878-2323,1997-05-22,F
5852,Shafira,Orla@lacinia.com,2018-08-26,397-574-1306,1987-05-18,F
3453,Shafira Koch,Shaine@nunc.net,2017-11-14,391-808-7810,1969-10-03,F
3327,Shafira Moss,Len@sociosqu.com,2017-02-26,243-622-5454,1953-09-06,F
5309,Shannon,Marny@elit.org,2017-06-16,657-751-9324,1960-06-11,F
8345,Shannon,TaShya@dis.us,2017-01-12,167-329-1591,1988-06-06,F
5874,Shannon,Xanthus@nibh.net,2018-08-20,150-818-4257,1995-05-23,F
3340,Shannon Mckenzie,Wynter@posuere.net,2017-03-25,282-732-1053,1955-05-05,F
5676,Sharon,Asher@varius.edu,2018-10-02,705-366-9566,1989-08-24,F
5848,Sharon,Hammett@consequat.edu,2017-07-14,158-281-8368,1985-02-23,F
3605,Sharon Wright,Naomi@Maecenas.edu,2018-09-24,182-494-8353,1989-02-24,F
8478,Shea,Jorden@suscipit.edu,2017-07-30,879-174-5890,1971-10-14,F
5740,Shea,Hall@nonummy.gov,2019-03-10,012-763-5166,1999-06-05,F
5606,Shea,Avram@Suspendisse.org,2018-09-25,686-378-3676,1989-03-21,F
8413,Sheila,Kyla@odio.org,2018-11-17,668-920-6949,1994-07-16,F
8269,Sheila,Sonya@semper.net,2017-11-02,378-513-8745,1961-08-26,F
5436,Shelby,Leilani@aptent.com,2017-11-19,718-324-5331,1988-06-02,F
5572,Shelby,Maite@vulputate.com,2017-04-06,892-477-6195,1956-01-18,F
8133,Shelby,Rahim@sagittis.gov,2017-09-19,806-426-4723,2000-07-28,F
5580,Shellie,Chiquita@Curae.edu,2017-06-10,285-510-1099,1984-04-19,F
8452,Shelly,Bert@penatibus.edu,2019-01-05,554-079-5060,1958-12-07,F
5485,Shelly,Tana@ultricies.com,2018-11-12,981-296-8007,1992-03-13,F
5001,Shoshana,Phillip@sollicitudin.gov,2017-06-05,835-518-3912,1984-03-05,F
3698,Shoshana Silva,Brady@posuere.net,2019-04-04,200-936-1529,2001-01-05,F
5579,Sierra,Malcolm@nisi.edu,2018-01-25,803-189-6307,1974-03-12,F
8313,Sierra,Chandler@porttitor.com,2018-11-08,558-069-5363,1995-12-28,F
5046,Sierra,Anthony@Class.us,2017-11-14,559-739-1508,1988-04-19,F
3488,Sierra Rivas,Wayne@tempus.net,2018-01-25,341-149-9026,1974-03-22,F
8134,Signe,Charde@elit.us,2017-08-21,582-963-8061,1995-03-01,F
3480,Sigourney Mcdowell,Reed@metus.net,2018-01-09,141-827-3560,1973-03-15,F
3662,Sigourney Sanford,Debra@id.org,2019-01-20,958-009-0774,1996-06-03,F
8071,Simone,Oren@eu.net,2018-09-13,290-223-8767,1952-04-08,F
3590,Simone Rush,Jerry@Pellentesque.net,2018-08-24,316-255-6156,1987-03-28,F
5171,Skyler,Jordan@blandit.us,2017-07-16,483-891-0322,1962-04-15,F
5928,Slade,Candice@nulla.gov,2019-01-13,900-960-9486,1999-02-02,F
5359,Slade,Edward@mi.net,2017-11-17,786-552-7269,1988-05-11,F
3357,Sonia Vaughn,Myra@Donec.com,2017-04-29,804-091-2161,1957-07-05,F
8246,Sonya,Cherokee@purus.net,2017-03-18,521-039-7182,1972-02-21,F
5151,Sophia,Kyla@augue.net,2017-10-26,186-108-0474,1987-10-25,F
3571,Sophia Chambers,Erich@dolor.edu,2018-07-16,911-087-4068,1984-10-23,F
5087,Sopoline,Nelle@posuere.us,2018-12-24,956-476-8438,1994-10-01,F
3600,Sopoline Bird,Uriel@Curae.com,2018-09-14,680-424-4546,1988-07-06,F
3573,Sopoline Garrison,Rahim@Maecenas.net,2018-07-20,126-181-1670,1985-01-24,F
5847,Stacey,Derek@In.com,2018-07-30,634-239-1967,1985-09-04,F
8458,Stacy,Carly@eros.us,2018-05-30,896-091-3730,1959-09-25,F
5860,Stacy,Aspen@velit.net,2018-12-03,053-367-2145,1993-06-22,F
8320,Stella,Jerry@Quisque.us,2018-02-14,657-913-3014,1995-07-01,F
5221,Stephanie,Ramona@hendrerit.edu,2018-10-19,203-237-9851,1996-11-27,F
3466,Stephanie Flores,Walker@Integer.com,2017-12-11,069-385-5506,1971-06-01,F
5224,Summer,Tobias@ut.edu,2018-12-15,396-377-4461,1994-03-08,F
5626,Summer,Vera@elit.org,2017-02-26,968-566-8129,1953-08-21,F
8050,Summer,Isabelle@Phasellus.edu,2018-01-22,145-143-1395,1961-09-18,F
5732,Summer,Zeus@habitant.com,2018-04-01,193-167-1889,1978-04-22,F
8101,Summer,Kitra@ut.com,2018-12-20,590-815-0071,1974-06-29,F
3442,Susan Hart,Lacey@Pellentesque.edu,2017-10-22,870-197-5999,1968-05-09,F
3309,Susan Mathis,Cody@tincidunt.edu,2017-01-20,726-654-4316,1951-05-21,F
5079,Sybil,Louis@adipiscing.org,2017-01-31,981-129-9290,1952-01-30,F
8058,Sydnee,Orson@neque.net,2019-01-10,161-034-8163,1991-12-28,F
8425,Sydney,Lillian@primis.edu,2017-11-06,218-348-7999,1992-05-14,F
3402,Sylvia Atkins,Lewis@arcu.gov,2017-07-31,096-351-5369,1963-04-02,F
5271,TaShya,Kasimir@ipsum.gov,2017-12-30,320-664-2499,1972-08-19,F
3570,Tamara Guerra,Kenyon@Ut.us,2018-07-14,731-281-0199,1984-09-07,F
3650,Tamara Kinney,Anne@consequat.us,2018-12-26,939-707-3228,1994-11-22,F
3593,Tamekah Clark,Aquila@bibendum.edu,2018-08-30,104-835-7068,1987-08-14,F
5102,Tana,Micah@bibendum.org,2018-07-13,377-309-3376,1994-06-03,F
5758,Tanisha,Madonna@tristique.net,2017-11-24,782-112-6161,1988-07-16,F
3390,Tanisha Francis,Savannah@condimentum.org,2017-07-07,792-255-1821,1961-09-20,F
3549,Tanisha Robinson,Rudyard@suscipit.com,2018-05-31,832-222-8038,1982-01-02,F
3306,Tanisha Wolf,Clinton@varius.edu,2017-01-14,369-236-7140,1951-01-01,F
5521,Tanya,Candace@hymenaeos.net,2018-09-08,564-708-2685,1995-11-16,F
8008,Tanya,Rina@magnis.net,2018-06-17,726-687-4464,1992-11-26,F
5213,Tanya,Erich@lectus.edu,2018-05-08,819-987-8541,1980-07-28,F
8159,Tanya,Beck@ad.us,2018-09-13,205-316-9428,1955-03-02,F
5590,Tara,Delilah@mus.com,2018-04-20,178-966-3156,1979-06-10,F
3672,Tasha Holloway,Bevis@volutpat.org,2019-02-10,418-349-7984,1997-09-12,F
8435,Tashya,Maisie@libero.net,2019-02-04,144-718-0046,1992-12-11,F
5155,Tashya,Debra@eu.edu,2018-08-25,848-466-9277,1995-07-06,F
5109,Tashya,Daria@Quisque.com,2017-10-18,353-896-8468,1968-02-06,F
8243,Tatiana,Britanney@ut.us,2018-05-22,441-018-1748,1962-03-22,F
5230,Teagan,Gregory@Morbi.us,2019-03-30,291-782-4098,2001-01-10,F
8437,Teagan,Adam@luctus.com,2019-01-28,187-810-7182,1952-02-04,F
8326,Teagan,Beatrice@nulla.com,2017-01-22,610-078-6991,1998-06-03,F
5285,Teegan,Craig@dignissim.net,2018-01-11,996-577-3859,1973-05-05,F
8124,Teegan,Katelyn@sociosqu.net,2018-10-23,980-948-6242,1984-09-03,F
5389,Teegan,Daphne@neque.com,2017-07-20,215-334-0807,1962-07-27,F
3639,Teegan Douglas,Kirk@in.com,2018-12-03,641-750-7331,1993-06-27,F
3765,Thane Simpson,Athena@dictum.edu,2018-06-23,297-800-8217,1983-05-30,F
3778,Tiger Gay,Gannon@torquent.edu,2018-10-09,124-974-3517,1990-01-16,F
5730,Timon,Lael@mattis.com,2017-06-15,027-002-0923,1984-06-02,F
5868,Ulla,Bo@inceptos.us,2018-01-20,546-836-0220,1973-11-28,F
8143,Uma,Stacy@Maecenas.edu,2018-03-05,403-737-2355,1992-02-12,F
5391,Uma,Ivory@fames.org,2017-10-02,037-358-0866,1967-02-08,F
8263,Unity,Ivana@id.org,2018-05-13,848-396-2467,1988-02-06,F
8017,Uriel,Geraldine@auctor.us,2018-03-22,841-709-5972,1997-11-15,F
5565,Uriel,Lois@Sed.us,2018-11-28,842-597-8875,1997-12-08,F
5240,Uriel,Celeste@mi.com,2018-07-20,496-090-0538,1994-08-08,F
5073,Urielle,Wyatt@conubia.com,2017-11-19,749-707-2995,1970-01-30,F
5838,Urielle,Sacha@litora.org,2019-03-23,306-360-3869,2000-04-11,F
5110,Ursula,Teagan@sapien.gov,2018-12-01,657-665-0802,1997-12-30,F
8233,Ursula,Hope@laoreet.com,2017-10-06,288-466-2861,1994-06-01,F
5545,Vanna,Yeo@Cras.com,2017-03-27,833-648-5605,1955-06-25,F
3652,Vanna Kennedy,Kessie@leo.us,2018-12-30,826-646-2923,1995-02-23,F
5049,Vaughan,Hammett@primis.gov,2018-05-31,850-211-8761,1993-04-30,F
5019,Vaughan,Zeph@sodales.gov,2018-04-04,312-575-3822,1991-11-16,F
5160,Velma,Drake@id.net,2018-06-12,712-390-5849,1982-09-13,F
5671,Velma,Amir@Nunc.com,2018-12-05,080-918-3387,1993-08-13,F
3555,Venus Armstrong,Grady@suscipit.us,2018-06-13,275-011-9087,1982-10-09,F
8003,Vera,Bevis@malesuada.com,2017-01-19,081-659-6364,1991-02-01,F
8295,Veronica,Minerva@Cras.edu,2017-06-12,443-639-9316,1962-01-14,F
5232,Victoria,Serena@faucibus.edu,2017-11-07,229-516-2155,1988-02-12,F
5640,Victoria,Aidan@neque.us,2017-08-11,579-033-8106,1985-11-15,F
5752,Vielka,Mona@Integer.com,2017-08-06,914-729-2720,1985-10-02,F
5548,Vielka,Abigail@iaculis.gov,2018-05-31,323-632-3034,1981-12-28,F
5753,Vielka,Hayes@porta.net,2017-02-16,282-627-4953,1981-05-22,F
5352,Vielka,Grady@leo.edu,2019-01-29,552-562-8677,1999-07-06,F
3485,Vielka Hanson,Harding@Donec.gov,2018-01-19,145-500-9248,1973-11-03,F
3410,Vielka Hull,Ray@Donec.edu,2017-08-17,602-997-0035,1964-04-09,F
5568,Violet,Libby@Suspendisse.edu,2017-02-18,457-779-5383,1981-06-13,F
3682,Violet Hammond,Lars@nulla.net,2019-03-02,992-393-3531,1998-12-22,F
3496,Violet Singleton,Bert@vulputate.edu,2018-02-11,763-115-2955,1975-03-30,F
3657,Violet Waters,Dominic@venenatis.gov,2019-01-10,561-117-7711,1995-10-14,F
5881,Virginia,Hadassah@turpis.edu,2017-08-23,917-316-9746,1986-03-06,F
3506,Virginia Knox,Rinah@torquent.us,2018-03-03,990-847-6389,1976-07-08,F
3695,Vivian Dillard,Stacey@odio.edu,2019-03-29,437-381-1817,2000-08-19,F
8436,Wanda,Lareina@sed.gov,2019-03-21,644-784-8751,1989-06-08,F
5262,Wanda,Kylie@sociosqu.us,2017-09-18,611-393-9794,1966-04-03,F
5612,Wanda,Victor@a.net,2017-07-18,510-640-0163,1962-06-05,F
3518,Wanda Butler,Patience@eleifend.com,2018-03-28,253-163-2230,1978-01-18,F
3653,Wanda Vinson,Zenia@Quisque.com,2019-01-01,272-162-1372,1995-04-10,F
5774,Wang,Burke@id.us,2018-06-10,316-115-4444,1993-07-28,F
5714,Wendy,Alec@inceptos.gov,2017-10-03,680-974-3221,1987-03-17,F
5172,Wendy,Hyacinth@faucibus.org,2017-04-19,834-780-0046,1956-11-24,F
5127,Whilemina,Constance@malesuada.com,2018-07-16,109-125-1344,1984-10-28,F
3554,Whilemina Hurley,Amena@accumsan.com,2018-06-11,925-833-0197,1982-08-23,F
3619,Whilemina West,Naomi@Praesent.net,2018-10-23,457-533-7185,1990-12-08,F
5028,Whoopi,Kelly@turpis.org,2017-07-21,635-964-2113,1985-04-30,F
5633,Whoopi,Dexter@diam.gov,2017-05-24,901-885-3109,1959-01-10,F
3348,Whoopi Barrera,Deacon@per.us,2017-04-11,441-523-9048,1956-05-11,F
8279,Willa,Erasmus@diam.org,2018-07-03,129-275-9924,1998-11-12,F
5207,Willa,Garth@non.gov,2018-08-22,345-551-4297,1987-02-04,F
5800,Willow,Jade@ut.gov,2017-03-04,350-925-4356,1981-10-24,F
5424,Willow,Warren@id.net,2017-08-05,798-968-0145,1963-07-25,F
5148,Willow,Malachi@laoreet.com,2018-11-26,612-962-3656,1993-01-17,F
8092,Willow,Rhoda@auctor.net,2018-01-23,022-413-0530,1991-05-01,F
8119,Willow,Hayfa@ullamcorper.org,2018-04-13,623-639-5408,1969-06-03,F
5873,Willow,Aidan@sit.net,2017-07-09,745-205-8301,1961-11-10,F
8475,Wilma,Avye@faucibus.net,2017-10-28,889-003-1774,1973-03-26,F
8235,Winter,Salvador@dapibus.edu,2017-08-18,147-702-5057,1958-11-24,F
8122,Winter,Callie@felis.us,2017-01-08,333-507-3141,1998-02-26,F
5435,Wynne,Jillian@Class.us,2018-01-09,487-027-6196,1973-03-15,F
3483,Wynne Horton,Yael@lobortis.com,2018-01-15,188-868-8635,1973-08-01,F
8460,Wyoming,Malachi@Nullam.net,2017-10-04,503-595-8973,1993-04-18,F
8091,Xandra,Dale@pharetra.net,2018-08-09,393-789-1905,1998-09-14,F
5506,Xandra,Caryn@rutrum.org,2018-10-23,591-503-7739,1990-12-03,F
8272,Xandra,Aline@mi.net,2018-12-26,727-680-0174,1991-04-23,F
3407,Xandra Kim,Lucas@sagittis.gov,2017-08-11,344-473-6312,1963-11-21,F
5375,Xantha,Thor@ullamcorper.com,2017-12-03,901-324-2515,1970-12-07,F
3364,Xantha Sampson,Savannah@primis.gov,2017-05-14,821-105-7072,1958-05-27,F
5218,Xaviera,Upton@Nulla.com,2018-07-28,362-335-0725,1985-07-14,F
5381,Xena,Odysseus@lobortis.edu,2018-02-01,993-251-5032,1974-08-14,F
5645,Xyla,Ivan@non.net,2018-04-18,706-752-1805,1992-03-28,F
5292,Xyla,Lester@tristique.com,2017-04-29,346-460-7226,1957-06-19,F
5913,Xyla,Bryar@rhoncus.net,2017-06-29,460-575-0361,1984-10-13,F
5584,Yael,Grant@porttitor.net,2018-06-05,007-328-6156,1982-04-10,F
8171,Yael,Kristen@Nam.us,2018-08-24,358-755-4121,1993-04-08,F
3376,Yael Rich,Gemma@vehicula.org,2017-06-08,762-633-0333,1959-12-07,F
5277,Yetta,Adrian@in.gov,2018-12-17,544-543-6892,1998-06-03,F
5718,Yetta,Dana@morbi.org,2019-01-07,130-486-1737,1995-08-07,F
3551,Yetta Simpson,Lara@nostra.com,2018-06-04,745-477-0952,1982-04-05,F
5061,Yoko,Haley@sed.com,2017-12-17,778-451-1040,1971-10-14,F
3441,Yoko Finch,Britanney@et.us,2017-10-20,553-599-0191,1968-03-23,F
3751,Yoshio Gaines,Carter@tellus.us,2018-02-27,721-812-4718,1976-04-06,F
5215,Yuli,Rajah@Donec.gov,2017-04-12,133-489-4410,1982-10-13,F
5097,Yuli,Jakeem@turpis.org,2017-10-22,429-805-7863,1987-09-11,F
8433,Yuri,Clinton@in.edu,2018-04-02,445-964-8454,1989-01-31,F
3314,Yuri Jacobson,Shea@ante.gov,2017-01-30,371-921-0474,1952-01-09,F
3346,Yuri Nixon,Keegan@morbi.edu,2017-04-07,070-721-0736,1956-02-08,F
8302,Yvette,Amelia@Mauris.org,2019-02-28,406-750-2048,1958-09-05,F
5541,Zelda,Yardley@In.edu,2018-03-30,974-919-0995,1978-03-01,F
5437,Zelda,Porter@pellentesque.gov,2019-04-06,413-974-4744,2001-03-17,F
5778,Zelenia,Ulla@facilisi.com,2017-04-08,178-551-3541,1956-03-10,F
3524,Zelenia Davenport,Ora@tristique.net,2018-04-10,274-959-5334,1978-10-25,F
3375,Zelenia Hoffman,Colby@tristique.com,2017-06-06,808-869-9639,1959-10-22,F
3335,Zelenia Powell,Denise@faucibus.edu,2017-03-15,197-930-2848,1954-09-14,F
3509,Zelenia Sheppard,Callie@Quisque.gov,2018-03-10,668-243-4212,1976-11-25,F
8006,Zena,Stewart@lacinia.us,2019-02-15,500-768-3793,1992-06-26,F
5018,Zena,Brent@ultricies.net,2017-02-07,414-926-5310,1952-07-03,F
8265,Zena,Scarlet@ullamcorper.org,2019-04-08,772-137-6703,1974-05-11,F
5508,Zenaida,Keith@varius.net,2018-03-28,726-269-5074,1978-01-08,F
3484,Zenaida Sargent,Rachel@elit.edu,2018-01-17,222-349-6271,1973-09-17,F
5057,Zephania,Ingrid@Curabitur.org,2019-02-25,045-239-2781,2000-03-06,F
3683,Zephr Zimmerman,Dacey@in.net,2019-03-04,741-320-7166,1999-02-06,F
5011,Zia,Gavin@Morbi.com,2018-08-15,764-754-9546,1986-09-01,F
3378,Zia Gilbert,Burton@nibh.org,2017-06-12,015-632-6747,1960-03-09,F
5661,Zoe,Ruby@ipsum.edu,2017-05-26,522-334-2616,1959-03-03,F
5920,Zorita,Sybil@euismod.com,2017-07-11,377-793-8601,1962-01-01,F
